name,province,dept,level,admissionUrl
"北京大学","北京","教育部","985/211/双一流","https://yz.chsi.com.cn/sch/schoolInfo--schId-367878.dhtml"
"中国人民大学","北京","教育部","985/211/双一流","https://yz.chsi.com.cn/sch/schoolInfo--schId-367879.dhtml"
"清华大学","北京","教育部","985/211/双一流","https://yz.chsi.com.cn/sch/schoolInfo--schId-367880.dhtml"
"北京交通大学","北京","教育部","双一流","https://yz.chsi.com.cn/sch/schoolInfo--schId-367881.dhtml"
"北京工业大学","北京","北京市","双一流","https://yz.chsi.com.cn/sch/schoolInfo--schId-367882.dhtml"
"北京航空航天大学","北京","工业与信息化部","985/211/双一流","https://yz.chsi.com.cn/sch/schoolInfo--schId-367883.dhtml"
"北京理工大学","北京","工业与信息化部","985/211/双一流","https://yz.chsi.com.cn/sch/schoolInfo--schId-367884.dhtml"
"北京科技大学","北京","教育部","双一流","https://yz.chsi.com.cn/sch/schoolInfo--schId-367896.dhtml"
"北方工业大学","北京","北京市","","https://yz.chsi.com.cn/sch/schoolInfo--schId-367886.dhtml"
"北京化工大学","北京","教育部","双一流","https://yz.chsi.com.cn/sch/schoolInfo--schId-367877.dhtml"
"北京工商大学","北京","北京市","","https://yz.chsi.com.cn/sch/schoolInfo--schId-367888.dhtml"
"北京服装学院","北京","北京市","","https://yz.chsi.com.cn/sch/schoolInfo--schId-367889.dhtml"
"北京邮电大学","北京","教育部","双一流","https://yz.chsi.com.cn/sch/schoolInfo--schId-367890.dhtml"
"北京印刷学院","北京","北京市","","https://yz.chsi.com.cn/sch/schoolInfo--schId-367891.dhtml"
"北京建筑大学","北京","北京市","","https://yz.chsi.com.cn/sch/schoolInfo--schId-367892.dhtml"
"北京石油化工学院","北京","北京市","","https://yz.chsi.com.cn/sch/schoolInfo--schId-302960377.dhtml"
"北京电子科技学院","北京","中央办公厅","","https://yz.chsi.com.cn/sch/schoolInfo--schId-302960684.dhtml"
"中国农业大学","北京","教育部","985/211/双一流","https://yz.chsi.com.cn/sch/schoolInfo--schId-367893.dhtml"
"北京农学院","北京","北京市","","https://yz.chsi.com.cn/sch/schoolInfo--schId-367894.dhtml"
"北京林业大学","北京","教育部","双一流","https://yz.chsi.com.cn/sch/schoolInfo--schId-367895.dhtml"
"北京协和医学院","北京","国家卫生健康委员会","双一流","https://yz.chsi.com.cn/sch/schoolInfo--schId-367867.dhtml"
"首都医科大学","北京","北京市","","https://yz.chsi.com.cn/sch/schoolInfo--schId-367865.dhtml"
"北京中医药大学","北京","教育部","双一流","https://yz.chsi.com.cn/sch/schoolInfo--schId-367885.dhtml"
"北京师范大学","北京","教育部","985/211/双一流","https://yz.chsi.com.cn/sch/schoolInfo--schId-367859.dhtml"
"首都师范大学","北京","北京市","双一流","https://yz.chsi.com.cn/sch/schoolInfo--schId-367860.dhtml"
"首都体育学院","北京","北京市","","https://yz.chsi.com.cn/sch/schoolInfo--schId-367861.dhtml"
"北京外国语大学","北京","教育部","双一流","https://yz.chsi.com.cn/sch/schoolInfo--schId-367862.dhtml"
"北京第二外国语学院","北京","北京市","","https://yz.chsi.com.cn/sch/schoolInfo--schId-367863.dhtml"
"北京语言大学","北京","教育部","","https://yz.chsi.com.cn/sch/schoolInfo--schId-367864.dhtml"
"中国传媒大学","北京","教育部","双一流","https://yz.chsi.com.cn/sch/schoolInfo--schId-367876.dhtml"
"中央财经大学","北京","教育部","双一流","https://yz.chsi.com.cn/sch/schoolInfo--schId-367866.dhtml"
"对外经济贸易大学","北京","教育部","双一流","https://yz.chsi.com.cn/sch/schoolInfo--schId-367897.dhtml"
"北京物资学院","北京","北京市","","https://yz.chsi.com.cn/sch/schoolInfo--schId-367868.dhtml"
"首都经济贸易大学","北京","北京市","","https://yz.chsi.com.cn/sch/schoolInfo--schId-367927.dhtml"
"外交学院","北京","外交部","双一流","https://yz.chsi.com.cn/sch/schoolInfo--schId-367887.dhtml"
"中国人民公安大学","北京","公安部","双一流","https://yz.chsi.com.cn/sch/schoolInfo--schId-367870.dhtml"
"国际关系学院","北京","教育部","","https://yz.chsi.com.cn/sch/schoolInfo--schId-367871.dhtml"
"北京体育大学","北京","国家体育总局","双一流","https://yz.chsi.com.cn/sch/schoolInfo--schId-367872.dhtml"
"中央音乐学院","北京","教育部","双一流","https://yz.chsi.com.cn/sch/schoolInfo--schId-367873.dhtml"
"中国音乐学院","北京","北京市","双一流","https://yz.chsi.com.cn/sch/schoolInfo--schId-367874.dhtml"
"中央美术学院","北京","教育部","双一流","https://yz.chsi.com.cn/sch/schoolInfo--schId-367875.dhtml"
"中央戏剧学院","北京","教育部","双一流","https://yz.chsi.com.cn/sch/schoolInfo--schId-367858.dhtml"
"中国戏曲学院","北京","北京市","","https://yz.chsi.com.cn/sch/schoolInfo--schId-367915.dhtml"
"北京电影学院","北京","北京市","","https://yz.chsi.com.cn/sch/schoolInfo--schId-367924.dhtml"
"北京舞蹈学院","北京","北京市","","https://yz.chsi.com.cn/sch/schoolInfo--schId-367919.dhtml"
"中央民族大学","北京","国家民族事务委员会","双一流","https://yz.chsi.com.cn/sch/schoolInfo--schId-367920.dhtml"
"中国政法大学","北京","教育部","双一流","https://yz.chsi.com.cn/sch/schoolInfo--schId-367921.dhtml"
"华北电力大学","北京","教育部","双一流","https://yz.chsi.com.cn/sch/schoolInfo--schId-367935.dhtml"
"中华女子学院","北京","中华全国妇女联合会","","https://yz.chsi.com.cn/sch/schoolInfo--schId-499721515.dhtml"
"北京信息科技大学","北京","北京市","","https://yz.chsi.com.cn/sch/schoolInfo--schId-367922.dhtml"
"中国矿业大学(北京)","北京","教育部","双一流","https://yz.chsi.com.cn/sch/schoolInfo--schId-367923.dhtml"
"中国石油大学(北京)","北京","教育部","双一流","https://yz.chsi.com.cn/sch/schoolInfo--schId-367916.dhtml"
"中国地质大学(北京)","北京","教育部","双一流","https://yz.chsi.com.cn/sch/schoolInfo--schId-367925.dhtml"
"北京联合大学","北京","北京市","","https://yz.chsi.com.cn/sch/schoolInfo--schId-679184.dhtml"
"北京城市学院","北京","北京市","","https://yz.chsi.com.cn/sch/schoolInfo--schId-302973928.dhtml"
"中国青年政治学院","北京","中国共产主义青年团中央","","https://yz.chsi.com.cn/sch/schoolInfo--schId-367926.dhtml"
"中国劳动关系学院","北京","中华全国总工会","","https://yz.chsi.com.cn/sch/schoolInfo--schId-499721412.dhtml"
"中国科学院大学","北京","中国科学院","双一流","https://yz.chsi.com.cn/sch/schoolInfo--schId-367929.dhtml"
"中国社会科学院大学","北京","中国社会科学院","","https://yz.chsi.com.cn/sch/schoolInfo--schId-367930.dhtml"
"中共中央党校(国家行政学院)","北京","中央党校","","https://yz.chsi.com.cn/sch/schoolInfo--schId-367928.dhtml"
"北京国家会计学院","北京","财政部","","https://yz.chsi.com.cn/sch/schoolInfo--schId-219704506.dhtml"
"中国科学技术信息研究所","北京","科学技术部","","https://yz.chsi.com.cn/sch/schoolInfo--schId-367931.dhtml"
"中国财政科学研究院","北京","财政部","","https://yz.chsi.com.cn/sch/schoolInfo--schId-367933.dhtml"
"商务部国际贸易经济合作研究院","北京","商务部","","https://yz.chsi.com.cn/sch/schoolInfo--schId-367918.dhtml"
"中国农业科学院","北京","农业农村部","","https://yz.chsi.com.cn/sch/schoolInfo--schId-367905.dhtml"
"中国兽医药品监察所","北京","农业农村部","","https://yz.chsi.com.cn/sch/schoolInfo--schId-367898.dhtml"
"中国林业科学研究院","北京","国家林业和草原局","","https://yz.chsi.com.cn/sch/schoolInfo--schId-367899.dhtml"
"中国水利水电科学研究院","北京","水利部","","https://yz.chsi.com.cn/sch/schoolInfo--schId-367900.dhtml"
"中国电力科学研究院","北京","国家电网公司","","https://yz.chsi.com.cn/sch/schoolInfo--schId-367901.dhtml"
"中国建筑科学研究院","北京","北京市","","https://yz.chsi.com.cn/sch/schoolInfo--schId-367902.dhtml"
"中国城市规划设计研究院","北京","住房和城乡建设部","","https://yz.chsi.com.cn/sch/schoolInfo--schId-367903.dhtml"
"中国建筑设计研究院","北京","北京市","","https://yz.chsi.com.cn/sch/schoolInfo--schId-367904.dhtml"
"中国环境科学研究院","北京","生态环境部","","https://yz.chsi.com.cn/sch/schoolInfo--schId-367907.dhtml"
"中国地质科学院","北京","自然资源部","","https://yz.chsi.com.cn/sch/schoolInfo--schId-367906.dhtml"
"钢铁研究总院","北京","北京市","","https://yz.chsi.com.cn/sch/schoolInfo--schId-367917.dhtml"
"中冶集团建筑研究总院","北京","北京市","","https://yz.chsi.com.cn/sch/schoolInfo--schId-367908.dhtml"
"冶金自动化研究设计院","北京","北京市","","https://yz.chsi.com.cn/sch/schoolInfo--schId-367909.dhtml"
"机械科学研究总院","北京","机械科学研究院","","https://yz.chsi.com.cn/sch/schoolInfo--schId-367910.dhtml"
"北京机械工业自动化研究所","北京","机械科学研究院","","https://yz.chsi.com.cn/sch/schoolInfo--schId-367911.dhtml"
"北京机电研究所","北京","机械科学研究院","","https://yz.chsi.com.cn/sch/schoolInfo--schId-367912.dhtml"
"中国农业机械化科学研究院","北京","北京市","","https://yz.chsi.com.cn/sch/schoolInfo--schId-367913.dhtml"
"中国原子能科学研究院","北京","工业与信息化部","","https://yz.chsi.com.cn/sch/schoolInfo--schId-367850.dhtml"
"核工业第二研究设计院","北京","工业与信息化部","","https://yz.chsi.com.cn/sch/schoolInfo--schId-367914.dhtml"
"核工业北京地质研究院","北京","工业与信息化部","","https://yz.chsi.com.cn/sch/schoolInfo--schId-367857.dhtml"
"核工业北京化工冶金研究院","北京","工业与信息化部","","https://yz.chsi.com.cn/sch/schoolInfo--schId-367869.dhtml"
"中国工程物理研究院","北京","中国工程物理研究院","","https://yz.chsi.com.cn/sch/schoolInfo--schId-367848.dhtml"
"中国航空研究院","北京","工业与信息化部","","https://yz.chsi.com.cn/sch/schoolInfo--schId-679452.dhtml"
"中国航空研究院(北京航空精密机械研究所)","北京","工业与信息化部","","https://yz.chsi.com.cn/sch/schoolInfo--schId-367798.dhtml"
"中国航空研究院(北京航空材料研究院)","北京","工业与信息化部","","https://yz.chsi.com.cn/sch/schoolInfo--schId-367799.dhtml"
"中国航空研究院(625所)","北京","工业与信息化部","","https://yz.chsi.com.cn/sch/schoolInfo--schId-367800.dhtml"
"中国航空规划设计研究总院有限公司","北京","工业与信息化部","","https://yz.chsi.com.cn/sch/schoolInfo--schId-367801.dhtml"
"中国航空研究院(628所)","北京","工业与信息化部","","https://yz.chsi.com.cn/sch/schoolInfo--schId-367802.dhtml"
"中国航空研究院(北京长城计量测试技术研究所)","北京","工业与信息化部","","https://yz.chsi.com.cn/sch/schoolInfo--schId-367795.dhtml"
"中国电子科技集团有限公司研究生院","北京","中国电子科技集团公司","研究生院","https://yz.chsi.com.cn/sch/schoolInfo--schId-683178.dhtml"
"华北计算机系统工程研究所","北京","工业与信息化部","","https://yz.chsi.com.cn/sch/schoolInfo--schId-367805.dhtml"
"中国兵器科学研究院","北京","工业与信息化部","","https://yz.chsi.com.cn/sch/schoolInfo--schId-3274440427.dhtml"
"中国兵器科学研究院(中国北方车辆研究所)","北京","工业与信息化部","","https://yz.chsi.com.cn/sch/schoolInfo--schId-367809.dhtml"
"中国运载火箭技术研究院","北京","工业与信息化部","","https://yz.chsi.com.cn/sch/schoolInfo--schId-367811.dhtml"
"中国航天科工集团第二研究院","北京","工业与信息化部","","https://yz.chsi.com.cn/sch/schoolInfo--schId-367812.dhtml"
"中国航天科工集团第二研究院207所","北京","工业与信息化部","","https://yz.chsi.com.cn/sch/schoolInfo--schId-3119008463.dhtml"
"中国航天系统科学与工程研究院","北京","工业与信息化部","","https://yz.chsi.com.cn/sch/schoolInfo--schId-367813.dhtml"
"中国航天科工集团第三研究院","北京","工业与信息化部","","https://yz.chsi.com.cn/sch/schoolInfo--schId-367814.dhtml"
"中国空间技术研究院","北京","工业与信息化部","","https://yz.chsi.com.cn/sch/schoolInfo--schId-367815.dhtml"
"中国航天空气动力技术研究院","北京","工业与信息化部","","https://yz.chsi.com.cn/sch/schoolInfo--schId-367807.dhtml"
"煤炭科学研究总院","北京","煤炭科学研究总院","","https://yz.chsi.com.cn/sch/schoolInfo--schId-788359951.dhtml"
"中国石油勘探开发研究院","北京","中国石油天然气集团公司","","https://yz.chsi.com.cn/sch/schoolInfo--schId-367781.dhtml"
"北京化工研究院","北京","中国石油化工集团有限公司","","https://yz.chsi.com.cn/sch/schoolInfo--schId-367782.dhtml"
"北京橡胶工业研究设计院","北京","北京市","","https://yz.chsi.com.cn/sch/schoolInfo--schId-367783.dhtml"
"北京市科学技术研究院资源环境研究所","北京","北京市","","https://yz.chsi.com.cn/sch/schoolInfo--schId-367784.dhtml"
"中国食品发酵工业研究院","北京","北京市","","https://yz.chsi.com.cn/sch/schoolInfo--schId-367785.dhtml"
"中国制浆造纸研究院有限公司","北京","北京市","","https://yz.chsi.com.cn/sch/schoolInfo--schId-367780.dhtml"
"中国铁道科学研究院","北京","中国铁路总公司","","https://yz.chsi.com.cn/sch/schoolInfo--schId-367787.dhtml"
"交通运输部公路科学研究所","北京","交通运输部","","https://yz.chsi.com.cn/sch/schoolInfo--schId-367788.dhtml"
"电信科学技术研究院","北京","工业与信息化部","","https://yz.chsi.com.cn/sch/schoolInfo--schId-367789.dhtml"
"中国艺术研究院","北京","文化和旅游部","","https://yz.chsi.com.cn/sch/schoolInfo--schId-367790.dhtml"
"中国电影艺术研究中心","北京","中宣部","","https://yz.chsi.com.cn/sch/schoolInfo--schId-679519.dhtml"
"中国疾病预防控制中心","北京","国家卫生健康委员会","","https://yz.chsi.com.cn/sch/schoolInfo--schId-367796.dhtml"
"中国中医科学院","北京","国家中医药管理局","","https://yz.chsi.com.cn/sch/schoolInfo--schId-367792.dhtml"
"中国食品药品检定研究院","北京","国家市场监督管理总局","","https://yz.chsi.com.cn/sch/schoolInfo--schId-367779.dhtml"
"北京生物制品研究所","北京","中国医药集团总公司","","https://yz.chsi.com.cn/sch/schoolInfo--schId-367793.dhtml"
"中日友好临床医学研究所","北京","国家卫生健康委员会","","https://yz.chsi.com.cn/sch/schoolInfo--schId-367816.dhtml"
"国家老年医学中心","北京","国家卫生健康委员会","","https://yz.chsi.com.cn/sch/schoolInfo--schId-367847.dhtml"
"国家体育总局体育科学研究所","北京","国家体育总局","","https://yz.chsi.com.cn/sch/schoolInfo--schId-2107934856.dhtml"
"中国建筑材料科学研究总院","北京","北京市","","https://yz.chsi.com.cn/sch/schoolInfo--schId-367838.dhtml"
"中国气象科学研究院","北京","中国气象局","","https://yz.chsi.com.cn/sch/schoolInfo--schId-367839.dhtml"
"国家海洋环境预报中心","北京","自然资源部","","https://yz.chsi.com.cn/sch/schoolInfo--schId-367840.dhtml"
"中国地震局地球物理研究所","北京","中国地震局","","https://yz.chsi.com.cn/sch/schoolInfo--schId-367841.dhtml"
"中国地震局地质研究所","北京","中国地震局","","https://yz.chsi.com.cn/sch/schoolInfo--schId-367842.dhtml"
"中国地震局地震预测研究所","北京","中国地震局","","https://yz.chsi.com.cn/sch/schoolInfo--schId-367843.dhtml"
"应急管理部国家自然灾害防治研究院","北京","应急管理部","","https://yz.chsi.com.cn/sch/schoolInfo--schId-367844.dhtml"
"中国计量科学研究院","北京","国家市场监督管理总局","","https://yz.chsi.com.cn/sch/schoolInfo--schId-367856.dhtml"
"中国测绘科学研究院","北京","自然资源部","","https://yz.chsi.com.cn/sch/schoolInfo--schId-367846.dhtml"
"中国舰船研究院","北京","工业与信息化部","","https://yz.chsi.com.cn/sch/schoolInfo--schId-50084393.dhtml"
"中国石油化工股份有限公司石油化工科学研究院","北京","中国石油化工集团有限公司","","https://yz.chsi.com.cn/sch/schoolInfo--schId-367837.dhtml"
"北京矿冶研究总院","北京","北京市","","https://yz.chsi.com.cn/sch/schoolInfo--schId-367818.dhtml"
"北京有色金属研究总院","北京","北京市","","https://yz.chsi.com.cn/sch/schoolInfo--schId-367849.dhtml"
"北京市科学技术研究院城市安全与环境科学研究所","北京","北京市","","https://yz.chsi.com.cn/sch/schoolInfo--schId-367803.dhtml"
"北京市生态环境保护科学研究院","北京","北京市","","https://yz.chsi.com.cn/sch/schoolInfo--schId-367851.dhtml"
"北京市心肺血管疾病研究所","北京","北京市","","https://yz.chsi.com.cn/sch/schoolInfo--schId-367852.dhtml"
"北京市市政工程研究院","北京","北京市","","https://yz.chsi.com.cn/sch/schoolInfo--schId-367853.dhtml"
"北京市结核病胸部肿瘤研究所","北京","北京市","","https://yz.chsi.com.cn/sch/schoolInfo--schId-367854.dhtml"
"北京市创伤骨科研究所","北京","北京市","","https://yz.chsi.com.cn/sch/schoolInfo--schId-367855.dhtml"
"首都儿科研究所","北京","北京市","","https://yz.chsi.com.cn/sch/schoolInfo--schId-367825.dhtml"
"中共北京市委党校","北京","北京市","","https://yz.chsi.com.cn/sch/schoolInfo--schId-367845.dhtml"
"长江商学院","北京","北京市","","https://yz.chsi.com.cn/sch/schoolInfo--schId-1719522069.dhtml"
"中央社会主义学院","北京","中央统战部","","https://yz.chsi.com.cn/sch/schoolInfo--schId-3092428604.dhtml"
"国防大学","北京","解放军","","https://yz.chsi.com.cn/sch/schoolInfo--schId-367819.dhtml"
"陆军航空兵学院","北京","解放军","","https://yz.chsi.com.cn/sch/schoolInfo--schId-688910089.dhtml"
"陆军防化学院","北京","解放军","","https://yz.chsi.com.cn/sch/schoolInfo--schId-367820.dhtml"
"空军指挥学院","北京","解放军","","https://yz.chsi.com.cn/sch/schoolInfo--schId-367826.dhtml"
"军事航天部队航天工程大学","北京","解放军","","https://yz.chsi.com.cn/sch/schoolInfo--schId-367824.dhtml"
"军事科学院","北京","解放军","","https://yz.chsi.com.cn/sch/schoolInfo--schId-367817.dhtml"
"解放军医学院","北京","解放军","","https://yz.chsi.com.cn/sch/schoolInfo--schId-367823.dhtml"
"南开大学","天津","教育部","985/211/双一流","https://yz.chsi.com.cn/sch/schoolInfo--schId-367949.dhtml"
"天津大学","天津","教育部","985/211/双一流","https://yz.chsi.com.cn/sch/schoolInfo--schId-367959.dhtml"
"天津科技大学","天津","天津市","","https://yz.chsi.com.cn/sch/schoolInfo--schId-367951.dhtml"
"天津工业大学","天津","天津市","双一流","https://yz.chsi.com.cn/sch/schoolInfo--schId-367948.dhtml"
"中国民航大学","天津","中国民用航空局","","https://yz.chsi.com.cn/sch/schoolInfo--schId-367953.dhtml"
"天津理工大学","天津","天津市","","https://yz.chsi.com.cn/sch/schoolInfo--schId-367946.dhtml"
"天津农学院","天津","天津市","","https://yz.chsi.com.cn/sch/schoolInfo--schId-677414.dhtml"
"天津医科大学","天津","天津市","双一流","https://yz.chsi.com.cn/sch/schoolInfo--schId-367938.dhtml"
"天津中医药大学","天津","天津市","双一流","https://yz.chsi.com.cn/sch/schoolInfo--schId-367954.dhtml"
"天津师范大学","天津","天津市","","https://yz.chsi.com.cn/sch/schoolInfo--schId-367950.dhtml"
"天津职业技术师范大学","天津","天津市","","https://yz.chsi.com.cn/sch/schoolInfo--schId-367955.dhtml"
"天津外国语大学","天津","天津市","","https://yz.chsi.com.cn/sch/schoolInfo--schId-367956.dhtml"
"天津商业大学","天津","天津市","","https://yz.chsi.com.cn/sch/schoolInfo--schId-367957.dhtml"
"天津财经大学","天津","天津市","","https://yz.chsi.com.cn/sch/schoolInfo--schId-367958.dhtml"
"天津体育学院","天津","天津市体育局","","https://yz.chsi.com.cn/sch/schoolInfo--schId-367952.dhtml"
"天津音乐学院","天津","天津市","","https://yz.chsi.com.cn/sch/schoolInfo--schId-367945.dhtml"
"天津美术学院","天津","天津市","","https://yz.chsi.com.cn/sch/schoolInfo--schId-367936.dhtml"
"天津城建大学","天津","天津市","","https://yz.chsi.com.cn/sch/schoolInfo--schId-367937.dhtml"
"天津中德应用技术大学","天津","天津市","","https://yz.chsi.com.cn/sch/schoolInfo--schId-2807892153.dhtml"
"中钢集团天津地质研究院有限公司","天津","中钢集团公司","","https://yz.chsi.com.cn/sch/schoolInfo--schId-367939.dhtml"
"核工业理化工程研究院","天津","工业与信息化部","","https://yz.chsi.com.cn/sch/schoolInfo--schId-367940.dhtml"
"中国航天科工集团公司第三研究院(8357所)","天津","工业与信息化部","","https://yz.chsi.com.cn/sch/schoolInfo--schId-367941.dhtml"
"中国航天科工集团第三研究院第八三五八研究所","天津","工业与信息化部","","https://yz.chsi.com.cn/sch/schoolInfo--schId-367942.dhtml"
"国家海洋技术中心","天津","自然资源部","","https://yz.chsi.com.cn/sch/schoolInfo--schId-367943.dhtml"
"中国舰船研究院(天津航海仪器研究所)","天津","工业与信息化部","","https://yz.chsi.com.cn/sch/schoolInfo--schId-367947.dhtml"
"海军勤务学院","天津","解放军","","https://yz.chsi.com.cn/sch/schoolInfo--schId-1864277803.dhtml"
"武警指挥学院","天津","解放军","","https://yz.chsi.com.cn/sch/schoolInfo--schId-688912256.dhtml"
"武警后勤学院","天津","解放军","","https://yz.chsi.com.cn/sch/schoolInfo--schId-688912355.dhtml"
"河北大学","河北","河北省","","https://yz.chsi.com.cn/sch/schoolInfo--schId-367977.dhtml"
"河北工程大学","河北","河北省","","https://yz.chsi.com.cn/sch/schoolInfo--schId-367975.dhtml"
"河北地质大学","河北","河北省","","https://yz.chsi.com.cn/sch/schoolInfo--schId-367985.dhtml"
"华北电力大学(保定)","河北","教育部","双一流","https://yz.chsi.com.cn/sch/schoolInfo--schId-367976.dhtml"
"河北工业大学","河北","河北省","双一流","https://yz.chsi.com.cn/sch/schoolInfo--schId-367972.dhtml"
"华北理工大学","河北","河北省","","https://yz.chsi.com.cn/sch/schoolInfo--schId-367978.dhtml"
"河北科技大学","河北","河北省","","https://yz.chsi.com.cn/sch/schoolInfo--schId-367979.dhtml"
"河北建筑工程学院","河北","河北省","","https://yz.chsi.com.cn/sch/schoolInfo--schId-688908263.dhtml"
"河北农业大学","河北","河北省","","https://yz.chsi.com.cn/sch/schoolInfo--schId-367968.dhtml"
"河北医科大学","河北","河北省","","https://yz.chsi.com.cn/sch/schoolInfo--schId-367961.dhtml"
"河北北方学院","河北","河北省","","https://yz.chsi.com.cn/sch/schoolInfo--schId-677436.dhtml"
"承德医学院","河北","河北省","","https://yz.chsi.com.cn/sch/schoolInfo--schId-367981.dhtml"
"河北师范大学","河北","河北省","","https://yz.chsi.com.cn/sch/schoolInfo--schId-367982.dhtml"
"唐山师范学院","河北","河北省","","https://yz.chsi.com.cn/sch/schoolInfo--schId-3274440611.dhtml"
"石家庄铁道大学","河北","河北省","","https://yz.chsi.com.cn/sch/schoolInfo--schId-367983.dhtml"
"燕山大学","河北","河北省","","https://yz.chsi.com.cn/sch/schoolInfo--schId-367984.dhtml"
"河北科技师范学院","河北","河北省","","https://yz.chsi.com.cn/sch/schoolInfo--schId-678782.dhtml"
"华北科技学院","河北","应急管理部","","https://yz.chsi.com.cn/sch/schoolInfo--schId-302972737.dhtml"
"中国人民警察大学","河北","公安部","","https://yz.chsi.com.cn/sch/schoolInfo--schId-367974.dhtml"
"河北金融学院","河北","河北省","","https://yz.chsi.com.cn/sch/schoolInfo--schId-302974222.dhtml"
"北华航天工业学院","河北","河北省","","https://yz.chsi.com.cn/sch/schoolInfo--schId-302980326.dhtml"
"防灾科技学院","河北","中国地震局","","https://yz.chsi.com.cn/sch/schoolInfo--schId-499721317.dhtml"
"河北经贸大学","河北","河北省","","https://yz.chsi.com.cn/sch/schoolInfo--schId-367966.dhtml"
"中央司法警官学院","河北","司法部","","https://yz.chsi.com.cn/sch/schoolInfo--schId-499721040.dhtml"
"河北传媒学院","河北","河北省","","https://yz.chsi.com.cn/sch/schoolInfo--schId-302982030.dhtml"
"河北中医药大学","河北","河北省","","https://yz.chsi.com.cn/sch/schoolInfo--schId-1474556852.dhtml"
"中国舰船研究院(邯郸净化设备研究所)","河北","工业与信息化部","","https://yz.chsi.com.cn/sch/schoolInfo--schId-367971.dhtml"
"山西大学","山西","山西省","双一流","https://yz.chsi.com.cn/sch/schoolInfo--schId-367997.dhtml"
"太原科技大学","山西","山西省","","https://yz.chsi.com.cn/sch/schoolInfo--schId-367996.dhtml"
"中北大学","山西","山西省","","https://yz.chsi.com.cn/sch/schoolInfo--schId-367995.dhtml"
"太原理工大学","山西","山西省","双一流","https://yz.chsi.com.cn/sch/schoolInfo--schId-367994.dhtml"
"山西农业大学","山西","山西省","","https://yz.chsi.com.cn/sch/schoolInfo--schId-367993.dhtml"
"山西医科大学","山西","山西省","","https://yz.chsi.com.cn/sch/schoolInfo--schId-367992.dhtml"
"长治医学院","山西","山西省","","https://yz.chsi.com.cn/sch/schoolInfo--schId-499721619.dhtml"
"山西师范大学","山西","山西省","","https://yz.chsi.com.cn/sch/schoolInfo--schId-367998.dhtml"
"太原师范学院","山西","山西省","","https://yz.chsi.com.cn/sch/schoolInfo--schId-688908348.dhtml"
"山西大同大学","山西","山西省","","https://yz.chsi.com.cn/sch/schoolInfo--schId-2125710548.dhtml"
"运城学院","山西","山西省","","https://yz.chsi.com.cn/sch/schoolInfo--schId-3416379410.dhtml"
"山西财经大学","山西","山西省","","https://yz.chsi.com.cn/sch/schoolInfo--schId-367987.dhtml"
"山西中医药大学","山西","山西省","","https://yz.chsi.com.cn/sch/schoolInfo--schId-8243981.dhtml"
"中国辐射防护研究院","山西","工业与信息化部","","https://yz.chsi.com.cn/sch/schoolInfo--schId-367990.dhtml"
"中国兵器科学研究院(北方自动控制技术研究所)","山西","工业与信息化部","","https://yz.chsi.com.cn/sch/schoolInfo--schId-367989.dhtml"
"中国日用化学工业研究院","山西","转制科研单位","","https://yz.chsi.com.cn/sch/schoolInfo--schId-367986.dhtml"
"山西省中医药研究院","山西","山西省","","https://yz.chsi.com.cn/sch/schoolInfo--schId-367988.dhtml"
"内蒙古大学","内蒙古","内蒙古自治区","双一流","https://yz.chsi.com.cn/sch/schoolInfo--schId-368005.dhtml"
"内蒙古科技大学","内蒙古","内蒙古自治区","","https://yz.chsi.com.cn/sch/schoolInfo--schId-368001.dhtml"
"内蒙古工业大学","内蒙古","内蒙古自治区","","https://yz.chsi.com.cn/sch/schoolInfo--schId-368004.dhtml"
"内蒙古农业大学","内蒙古","内蒙古自治区","","https://yz.chsi.com.cn/sch/schoolInfo--schId-368003.dhtml"
"内蒙古医科大学","内蒙古","内蒙古自治区","","https://yz.chsi.com.cn/sch/schoolInfo--schId-368002.dhtml"
"内蒙古师范大学","内蒙古","内蒙古自治区","","https://yz.chsi.com.cn/sch/schoolInfo--schId-367999.dhtml"
"内蒙古民族大学","内蒙古","内蒙古自治区","","https://yz.chsi.com.cn/sch/schoolInfo--schId-368006.dhtml"
"赤峰学院","内蒙古","内蒙古自治区","","https://yz.chsi.com.cn/sch/schoolInfo--schId-499721721.dhtml"
"内蒙古财经大学","内蒙古","内蒙古自治区","","https://yz.chsi.com.cn/sch/schoolInfo--schId-677501.dhtml"
"呼伦贝尔学院","内蒙古","内蒙古自治区","","https://yz.chsi.com.cn/sch/schoolInfo--schId-2807892094.dhtml"
"呼和浩特民族学院","内蒙古","内蒙古自治区","","https://yz.chsi.com.cn/sch/schoolInfo--schId-3416382078.dhtml"
"内蒙古艺术学院","内蒙古","内蒙古自治区","","https://yz.chsi.com.cn/sch/schoolInfo--schId-2311267403.dhtml"
"中国兵器科学研究院(内蒙金属材料研究所)","内蒙古","工业与信息化部","","https://yz.chsi.com.cn/sch/schoolInfo--schId-368000.dhtml"
"辽宁大学","辽宁","辽宁省","双一流","https://yz.chsi.com.cn/sch/schoolInfo--schId-368032.dhtml"
"大连理工大学","辽宁","教育部","985/211/双一流","https://yz.chsi.com.cn/sch/schoolInfo--schId-368033.dhtml"
"沈阳工业大学","辽宁","辽宁省","","https://yz.chsi.com.cn/sch/schoolInfo--schId-368034.dhtml"
"沈阳航空航天大学","辽宁","辽宁省","","https://yz.chsi.com.cn/sch/schoolInfo--schId-368035.dhtml"
"沈阳理工大学","辽宁","辽宁省","","https://yz.chsi.com.cn/sch/schoolInfo--schId-368036.dhtml"
"东北大学","辽宁","教育部","985/211/双一流","https://yz.chsi.com.cn/sch/schoolInfo--schId-368037.dhtml"
"辽宁科技大学","辽宁","辽宁省","","https://yz.chsi.com.cn/sch/schoolInfo--schId-368038.dhtml"
"辽宁工程技术大学","辽宁","辽宁省","","https://yz.chsi.com.cn/sch/schoolInfo--schId-368039.dhtml"
"辽宁石油化工大学","辽宁","辽宁省","","https://yz.chsi.com.cn/sch/schoolInfo--schId-368040.dhtml"
"沈阳化工大学","辽宁","辽宁省","","https://yz.chsi.com.cn/sch/schoolInfo--schId-368047.dhtml"
"大连交通大学","辽宁","辽宁省","","https://yz.chsi.com.cn/sch/schoolInfo--schId-368041.dhtml"
"大连海事大学","辽宁","交通运输部","双一流","https://yz.chsi.com.cn/sch/schoolInfo--schId-368030.dhtml"
"大连工业大学","辽宁","辽宁省","","https://yz.chsi.com.cn/sch/schoolInfo--schId-368049.dhtml"
"沈阳建筑大学","辽宁","辽宁省","","https://yz.chsi.com.cn/sch/schoolInfo--schId-368053.dhtml"
"辽宁工业大学","辽宁","辽宁省","","https://yz.chsi.com.cn/sch/schoolInfo--schId-368052.dhtml"
"沈阳农业大学","辽宁","辽宁省","","https://yz.chsi.com.cn/sch/schoolInfo--schId-368050.dhtml"
"大连海洋大学","辽宁","辽宁省","","https://yz.chsi.com.cn/sch/schoolInfo--schId-368042.dhtml"
"中国医科大学","辽宁","辽宁省","","https://yz.chsi.com.cn/sch/schoolInfo--schId-368048.dhtml"
"锦州医科大学","辽宁","辽宁省","","https://yz.chsi.com.cn/sch/schoolInfo--schId-368054.dhtml"
"大连医科大学","辽宁","辽宁省","","https://yz.chsi.com.cn/sch/schoolInfo--schId-368046.dhtml"
"辽宁中医药大学","辽宁","辽宁省","","https://yz.chsi.com.cn/sch/schoolInfo--schId-368045.dhtml"
"沈阳药科大学","辽宁","辽宁省","","https://yz.chsi.com.cn/sch/schoolInfo--schId-368044.dhtml"
"沈阳医学院","辽宁","辽宁省","","https://yz.chsi.com.cn/sch/schoolInfo--schId-688908428.dhtml"
"辽宁师范大学","辽宁","辽宁省","","https://yz.chsi.com.cn/sch/schoolInfo--schId-368043.dhtml"
"沈阳师范大学","辽宁","辽宁省","","https://yz.chsi.com.cn/sch/schoolInfo--schId-368031.dhtml"
"渤海大学","辽宁","辽宁省","","https://yz.chsi.com.cn/sch/schoolInfo--schId-368028.dhtml"
"鞍山师范学院","辽宁","辽宁省","","https://yz.chsi.com.cn/sch/schoolInfo--schId-302960912.dhtml"
"大连外国语大学","辽宁","辽宁省","","https://yz.chsi.com.cn/sch/schoolInfo--schId-368016.dhtml"
"东北财经大学","辽宁","辽宁省","","https://yz.chsi.com.cn/sch/schoolInfo--schId-368015.dhtml"
"中国刑事警察学院","辽宁","公安部","","https://yz.chsi.com.cn/sch/schoolInfo--schId-368007.dhtml"
"沈阳体育学院","辽宁","辽宁省","","https://yz.chsi.com.cn/sch/schoolInfo--schId-368013.dhtml"
"沈阳音乐学院","辽宁","辽宁省","","https://yz.chsi.com.cn/sch/schoolInfo--schId-368017.dhtml"
"鲁迅美术学院","辽宁","辽宁省","","https://yz.chsi.com.cn/sch/schoolInfo--schId-368011.dhtml"
"沈阳大学","辽宁","辽宁省","","https://yz.chsi.com.cn/sch/schoolInfo--schId-368010.dhtml"
"大连大学","辽宁","辽宁省","","https://yz.chsi.com.cn/sch/schoolInfo--schId-368008.dhtml"
"沈阳工程学院","辽宁","辽宁省","","https://yz.chsi.com.cn/sch/schoolInfo--schId-302980540.dhtml"
"大连民族大学","辽宁","国家民族事务委员会","","https://yz.chsi.com.cn/sch/schoolInfo--schId-302981182.dhtml"
"机械科学研究总院(沈阳铸造研究所)","辽宁","机械科学研究院","","https://yz.chsi.com.cn/sch/schoolInfo--schId-368020.dhtml"
"中国航空研究院(601所)","辽宁","工业与信息化部","","https://yz.chsi.com.cn/sch/schoolInfo--schId-368014.dhtml"
"中国航空研究院(606所)","辽宁","工业与信息化部","","https://yz.chsi.com.cn/sch/schoolInfo--schId-368021.dhtml"
"中国航空研究院(626所)","辽宁","工业与信息化部","","https://yz.chsi.com.cn/sch/schoolInfo--schId-368022.dhtml"
"沈阳化工研究院","辽宁","转制科研单位","","https://yz.chsi.com.cn/sch/schoolInfo--schId-368024.dhtml"
"中国舰船研究院(大连测控技术研究所)","辽宁","工业与信息化部","","https://yz.chsi.com.cn/sch/schoolInfo--schId-368025.dhtml"
"中共辽宁省委党校","辽宁","辽宁省","","https://yz.chsi.com.cn/sch/schoolInfo--schId-368026.dhtml"
"海军大连舰艇学院","辽宁","解放军","","https://yz.chsi.com.cn/sch/schoolInfo--schId-368027.dhtml"
"吉林大学","吉林","教育部","985/211/双一流","https://yz.chsi.com.cn/sch/schoolInfo--schId-368065.dhtml"
"延边大学","吉林","吉林省","双一流","https://yz.chsi.com.cn/sch/schoolInfo--schId-368055.dhtml"
"长春理工大学","吉林","吉林省","","https://yz.chsi.com.cn/sch/schoolInfo--schId-368064.dhtml"
"东北电力大学","吉林","吉林省","","https://yz.chsi.com.cn/sch/schoolInfo--schId-368067.dhtml"
"长春工业大学","吉林","吉林省","","https://yz.chsi.com.cn/sch/schoolInfo--schId-368063.dhtml"
"吉林建筑大学","吉林","吉林省","","https://yz.chsi.com.cn/sch/schoolInfo--schId-368062.dhtml"
"吉林化工大学","吉林","吉林省","","https://yz.chsi.com.cn/sch/schoolInfo--schId-688908505.dhtml"
"吉林农业大学","吉林","吉林省","","https://yz.chsi.com.cn/sch/schoolInfo--schId-368061.dhtml"
"长春中医药大学","吉林","吉林省","","https://yz.chsi.com.cn/sch/schoolInfo--schId-368060.dhtml"
"东北师范大学","吉林","教育部","双一流","https://yz.chsi.com.cn/sch/schoolInfo--schId-368059.dhtml"
"北华大学","吉林","吉林省","","https://yz.chsi.com.cn/sch/schoolInfo--schId-368066.dhtml"
"吉林师范大学","吉林","吉林省","","https://yz.chsi.com.cn/sch/schoolInfo--schId-368058.dhtml"
"吉林工程技术师范学院","吉林","吉林省","","https://yz.chsi.com.cn/sch/schoolInfo--schId-2807891311.dhtml"
"长春师范大学","吉林","吉林省","","https://yz.chsi.com.cn/sch/schoolInfo--schId-677583.dhtml"
"吉林财经大学","吉林","吉林省","","https://yz.chsi.com.cn/sch/schoolInfo--schId-368057.dhtml"
"吉林体育学院","吉林","吉林省","","https://yz.chsi.com.cn/sch/schoolInfo--schId-677710.dhtml"
"吉林艺术学院","吉林","吉林省","","https://yz.chsi.com.cn/sch/schoolInfo--schId-368075.dhtml"
"吉林外国语大学","吉林","吉林省","","https://yz.chsi.com.cn/sch/schoolInfo--schId-302969307.dhtml"
"长春工程学院","吉林","吉林省","","https://yz.chsi.com.cn/sch/schoolInfo--schId-302974482.dhtml"
"长春大学","吉林","吉林省","","https://yz.chsi.com.cn/sch/schoolInfo--schId-688909852.dhtml"
"中共吉林省委党校(吉林省行政学院)","吉林","吉林省","","https://yz.chsi.com.cn/sch/schoolInfo--schId-368072.dhtml"
"空军航空大学","吉林","解放军","","https://yz.chsi.com.cn/sch/schoolInfo--schId-679653.dhtml"
"黑龙江大学","黑龙江","黑龙江省","","https://yz.chsi.com.cn/sch/schoolInfo--schId-368090.dhtml"
"哈尔滨工业大学","黑龙江","工业与信息化部","985/211/双一流","https://yz.chsi.com.cn/sch/schoolInfo--schId-368087.dhtml"
"哈尔滨理工大学","黑龙江","黑龙江省","","https://yz.chsi.com.cn/sch/schoolInfo--schId-368079.dhtml"
"哈尔滨工程大学","黑龙江","工业与信息化部","双一流","https://yz.chsi.com.cn/sch/schoolInfo--schId-368091.dhtml"
"黑龙江科技大学","黑龙江","黑龙江省","","https://yz.chsi.com.cn/sch/schoolInfo--schId-368092.dhtml"
"东北石油大学","黑龙江","黑龙江省","","https://yz.chsi.com.cn/sch/schoolInfo--schId-368093.dhtml"
"佳木斯大学","黑龙江","黑龙江省","","https://yz.chsi.com.cn/sch/schoolInfo--schId-368095.dhtml"
"黑龙江八一农垦大学","黑龙江","黑龙江省","","https://yz.chsi.com.cn/sch/schoolInfo--schId-368096.dhtml"
"东北农业大学","黑龙江","黑龙江省","双一流","https://yz.chsi.com.cn/sch/schoolInfo--schId-368098.dhtml"
"东北林业大学","黑龙江","教育部","双一流","https://yz.chsi.com.cn/sch/schoolInfo--schId-368097.dhtml"
"哈尔滨医科大学","黑龙江","黑龙江省","","https://yz.chsi.com.cn/sch/schoolInfo--schId-368089.dhtml"
"黑龙江中医药大学","黑龙江","黑龙江省","","https://yz.chsi.com.cn/sch/schoolInfo--schId-368084.dhtml"
"牡丹江医科大学","黑龙江","黑龙江省","","https://yz.chsi.com.cn/sch/schoolInfo--schId-688908578.dhtml"
"哈尔滨师范大学","黑龙江","黑龙江省","","https://yz.chsi.com.cn/sch/schoolInfo--schId-368077.dhtml"
"齐齐哈尔大学","黑龙江","黑龙江省","","https://yz.chsi.com.cn/sch/schoolInfo--schId-368094.dhtml"
"牡丹江师范学院","黑龙江","黑龙江省","","https://yz.chsi.com.cn/sch/schoolInfo--schId-677777.dhtml"
"哈尔滨学院","黑龙江","黑龙江省","","https://yz.chsi.com.cn/sch/schoolInfo--schId-3274412137.dhtml"
"哈尔滨商业大学","黑龙江","黑龙江省","","https://yz.chsi.com.cn/sch/schoolInfo--schId-368078.dhtml"
"哈尔滨体育学院","黑龙江","黑龙江省","","https://yz.chsi.com.cn/sch/schoolInfo--schId-677844.dhtml"
"齐齐哈尔医学院","黑龙江","黑龙江省","","https://yz.chsi.com.cn/sch/schoolInfo--schId-2125721162.dhtml"
"黑龙江东方学院","黑龙江","黑龙江省","","https://yz.chsi.com.cn/sch/schoolInfo--schId-302974683.dhtml"
"黑龙江工程学院","黑龙江","黑龙江省","","https://yz.chsi.com.cn/sch/schoolInfo--schId-2807891734.dhtml"
"哈尔滨音乐学院","黑龙江","黑龙江省","","https://yz.chsi.com.cn/sch/schoolInfo--schId-1864275487.dhtml"
"机械科学研究院哈尔滨焊接研究所","黑龙江","机械科学研究院","","https://yz.chsi.com.cn/sch/schoolInfo--schId-368080.dhtml"
"中国航空研究院(627所)","黑龙江","工业与信息化部","","https://yz.chsi.com.cn/sch/schoolInfo--schId-368081.dhtml"
"中国地震局工程力学研究所","黑龙江","中国地震局","","https://yz.chsi.com.cn/sch/schoolInfo--schId-368085.dhtml"
"中国舰船研究院(哈尔滨船舶锅炉涡轮机研究所)","黑龙江","工业与信息化部","","https://yz.chsi.com.cn/sch/schoolInfo--schId-368082.dhtml"
"黑龙江省中医药科学院","黑龙江","黑龙江省","","https://yz.chsi.com.cn/sch/schoolInfo--schId-368088.dhtml"
"黑龙江省社会科学院","黑龙江","黑龙江省","","https://yz.chsi.com.cn/sch/schoolInfo--schId-368086.dhtml"
"黑龙江省科学院","黑龙江","黑龙江省","","https://yz.chsi.com.cn/sch/schoolInfo--schId-368083.dhtml"
"中共黑龙江省委党校","黑龙江","黑龙江省","","https://yz.chsi.com.cn/sch/schoolInfo--schId-368076.dhtml"
"复旦大学","上海","教育部","985/211/双一流","https://yz.chsi.com.cn/sch/schoolInfo--schId-368127.dhtml"
"同济大学","上海","教育部","985/211/双一流","https://yz.chsi.com.cn/sch/schoolInfo--schId-368128.dhtml"
"上海交通大学","上海","教育部","985/211/双一流","https://yz.chsi.com.cn/sch/schoolInfo--schId-368129.dhtml"
"华东理工大学","上海","教育部","双一流","https://yz.chsi.com.cn/sch/schoolInfo--schId-368142.dhtml"
"上海理工大学","上海","上海市","","https://yz.chsi.com.cn/sch/schoolInfo--schId-368131.dhtml"
"上海海事大学","上海","上海市","","https://yz.chsi.com.cn/sch/schoolInfo--schId-368126.dhtml"
"东华大学","上海","教育部","双一流","https://yz.chsi.com.cn/sch/schoolInfo--schId-368133.dhtml"
"上海电力大学","上海","上海市","","https://yz.chsi.com.cn/sch/schoolInfo--schId-677380.dhtml"
"上海应用技术大学","上海","上海市","","https://yz.chsi.com.cn/sch/schoolInfo--schId-368108.dhtml"
"上海海洋大学","上海","上海市","双一流","https://yz.chsi.com.cn/sch/schoolInfo--schId-368134.dhtml"
"上海中医药大学","上海","上海市","双一流","https://yz.chsi.com.cn/sch/schoolInfo--schId-368136.dhtml"
"华东师范大学","上海","教育部","双一流","https://yz.chsi.com.cn/sch/schoolInfo--schId-368137.dhtml"
"上海师范大学","上海","上海市","","https://yz.chsi.com.cn/sch/schoolInfo--schId-368138.dhtml"
"上海外国语大学","上海","教育部","双一流","https://yz.chsi.com.cn/sch/schoolInfo--schId-368139.dhtml"
"上海财经大学","上海","教育部","双一流","https://yz.chsi.com.cn/sch/schoolInfo--schId-368143.dhtml"
"上海对外经贸大学","上海","上海市","","https://yz.chsi.com.cn/sch/schoolInfo--schId-368151.dhtml"
"上海海关学院","上海","海关总署","","https://yz.chsi.com.cn/sch/schoolInfo--schId-499721196.dhtml"
"华东政法大学","上海","上海市","","https://yz.chsi.com.cn/sch/schoolInfo--schId-368150.dhtml"
"上海体育大学","上海","国家体育总局","双一流","https://yz.chsi.com.cn/sch/schoolInfo--schId-368149.dhtml"
"上海音乐学院","上海","上海市","双一流","https://yz.chsi.com.cn/sch/schoolInfo--schId-368148.dhtml"
"上海戏剧学院","上海","上海市","","https://yz.chsi.com.cn/sch/schoolInfo--schId-368147.dhtml"
"上海大学","上海","上海市","双一流","https://yz.chsi.com.cn/sch/schoolInfo--schId-368146.dhtml"
"上海工程技术大学","上海","上海市","","https://yz.chsi.com.cn/sch/schoolInfo--schId-677369.dhtml"
"上海立信会计金融学院","上海","上海市","","https://yz.chsi.com.cn/sch/schoolInfo--schId-302969621.dhtml"
"上海电机学院","上海","上海市","","https://yz.chsi.com.cn/sch/schoolInfo--schId-302974869.dhtml"
"上海杉达学院","上海","上海市","","https://yz.chsi.com.cn/sch/schoolInfo--schId-3274440862.dhtml"
"上海政法学院","上海","上海市","","https://yz.chsi.com.cn/sch/schoolInfo--schId-230242352.dhtml"
"上海第二工业大学","上海","上海市","","https://yz.chsi.com.cn/sch/schoolInfo--schId-302981368.dhtml"
"上海商学院","上海","上海市","","https://yz.chsi.com.cn/sch/schoolInfo--schId-2807891793.dhtml"
"上海科技大学","上海","上海市","双一流","https://yz.chsi.com.cn/sch/schoolInfo--schId-1725132009.dhtml"
"上海国家会计学院","上海","财政部","","https://yz.chsi.com.cn/sch/schoolInfo--schId-219711506.dhtml"
"上海材料研究所","上海","上海市","","https://yz.chsi.com.cn/sch/schoolInfo--schId-368107.dhtml"
"上海发电设备成套设计研究院","上海","工业与信息化部","","https://yz.chsi.com.cn/sch/schoolInfo--schId-368106.dhtml"
"上海核工程研究设计院","上海","工业与信息化部","","https://yz.chsi.com.cn/sch/schoolInfo--schId-368104.dhtml"
"中国航空研究院(640所)","上海","工业与信息化部","","https://yz.chsi.com.cn/sch/schoolInfo--schId-368103.dhtml"
"上海航天技术研究院","上海","工业与信息化部","","https://yz.chsi.com.cn/sch/schoolInfo--schId-368101.dhtml"
"上海化工研究院","上海","上海市","","https://yz.chsi.com.cn/sch/schoolInfo--schId-368099.dhtml"
"上海船舶运输科学研究所","上海","交通运输部","","https://yz.chsi.com.cn/sch/schoolInfo--schId-368112.dhtml"
"电信科学技术第一研究所","上海","信息产业部","","https://yz.chsi.com.cn/sch/schoolInfo--schId-368113.dhtml"
"上海生物制品研究所","上海","中国医药集团总公司","","https://yz.chsi.com.cn/sch/schoolInfo--schId-368114.dhtml"
"中国医药工业研究总院","上海","转制科研单位","","https://yz.chsi.com.cn/sch/schoolInfo--schId-368115.dhtml"
"中国舰船研究院(中国船舶及海洋工程设计研究院)","上海","工业与信息化部","","https://yz.chsi.com.cn/sch/schoolInfo--schId-368116.dhtml"
"中国舰船研究院(上海船舶设备研究所)","上海","工业与信息化部","","https://yz.chsi.com.cn/sch/schoolInfo--schId-368125.dhtml"
"中国舰船研究院(上海船用柴油机研究所)","上海","工业与信息化部","","https://yz.chsi.com.cn/sch/schoolInfo--schId-368118.dhtml"
"中国舰船研究院(上海船舶电子设备研究所)","上海","工业与信息化部","","https://yz.chsi.com.cn/sch/schoolInfo--schId-368110.dhtml"
"上海国际问题研究院","上海","上海市","","https://yz.chsi.com.cn/sch/schoolInfo--schId-368120.dhtml"
"上海社会科学院","上海","上海市","","https://yz.chsi.com.cn/sch/schoolInfo--schId-368121.dhtml"
"中共上海市委党校","上海","上海市","","https://yz.chsi.com.cn/sch/schoolInfo--schId-368122.dhtml"
"海军军医大学","上海","解放军","双一流","https://yz.chsi.com.cn/sch/schoolInfo--schId-368117.dhtml"
"南京大学","江苏","教育部","985/211/双一流","https://yz.chsi.com.cn/sch/schoolInfo--schId-368194.dhtml"
"苏州大学","江苏","江苏省","双一流","https://yz.chsi.com.cn/sch/schoolInfo--schId-368179.dhtml"
"东南大学","江苏","教育部","985/211/双一流","https://yz.chsi.com.cn/sch/schoolInfo--schId-368180.dhtml"
"南京航空航天大学","江苏","工业与信息化部","双一流","https://yz.chsi.com.cn/sch/schoolInfo--schId-368181.dhtml"
"南京理工大学","江苏","工业与信息化部","双一流","https://yz.chsi.com.cn/sch/schoolInfo--schId-368182.dhtml"
"江苏科技大学","江苏","江苏省","","https://yz.chsi.com.cn/sch/schoolInfo--schId-368183.dhtml"
"中国矿业大学","江苏","教育部","双一流","https://yz.chsi.com.cn/sch/schoolInfo--schId-368184.dhtml"
"南京工业大学","江苏","江苏省","","https://yz.chsi.com.cn/sch/schoolInfo--schId-368185.dhtml"
"常州大学","江苏","江苏省","","https://yz.chsi.com.cn/sch/schoolInfo--schId-368186.dhtml"
"南京邮电大学","江苏","江苏省","双一流","https://yz.chsi.com.cn/sch/schoolInfo--schId-368188.dhtml"
"河海大学","江苏","教育部","双一流","https://yz.chsi.com.cn/sch/schoolInfo--schId-368177.dhtml"
"江南大学","江苏","教育部","双一流","https://yz.chsi.com.cn/sch/schoolInfo--schId-368189.dhtml"
"南京林业大学","江苏","江苏省","双一流","https://yz.chsi.com.cn/sch/schoolInfo--schId-368201.dhtml"
"江苏大学","江苏","江苏省","","https://yz.chsi.com.cn/sch/schoolInfo--schId-368200.dhtml"
"南京信息工程大学","江苏","江苏省","双一流","https://yz.chsi.com.cn/sch/schoolInfo--schId-368199.dhtml"
"南通大学","江苏","江苏省","","https://yz.chsi.com.cn/sch/schoolInfo--schId-368197.dhtml"
"盐城工学院","江苏","江苏省","","https://yz.chsi.com.cn/sch/schoolInfo--schId-2124779846.dhtml"
"南京农业大学","江苏","教育部","双一流","https://yz.chsi.com.cn/sch/schoolInfo--schId-368198.dhtml"
"南京医科大学","江苏","江苏省","双一流","https://yz.chsi.com.cn/sch/schoolInfo--schId-368196.dhtml"
"徐州医科大学","江苏","江苏省","","https://yz.chsi.com.cn/sch/schoolInfo--schId-368195.dhtml"
"南京中医药大学","江苏","江苏省","双一流","https://yz.chsi.com.cn/sch/schoolInfo--schId-368190.dhtml"
"中国药科大学","江苏","教育部","双一流","https://yz.chsi.com.cn/sch/schoolInfo--schId-368193.dhtml"
"南京师范大学","江苏","江苏省","双一流","https://yz.chsi.com.cn/sch/schoolInfo--schId-368202.dhtml"
"江苏师范大学","江苏","江苏省","","https://yz.chsi.com.cn/sch/schoolInfo--schId-368192.dhtml"
"淮阴师范学院","江苏","江苏省","","https://yz.chsi.com.cn/sch/schoolInfo--schId-2807891429.dhtml"
"盐城师范学院","江苏","江苏省","","https://yz.chsi.com.cn/sch/schoolInfo--schId-3274412205.dhtml"
"南京财经大学","江苏","江苏省","","https://yz.chsi.com.cn/sch/schoolInfo--schId-368191.dhtml"
"江苏警官学院","江苏","江苏省","","https://yz.chsi.com.cn/sch/schoolInfo--schId-2807891488.dhtml"
"南京体育学院","江苏","江苏省","","https://yz.chsi.com.cn/sch/schoolInfo--schId-368178.dhtml"
"南京艺术学院","江苏","江苏省","","https://yz.chsi.com.cn/sch/schoolInfo--schId-368167.dhtml"
"苏州科技大学","江苏","江苏省","","https://yz.chsi.com.cn/sch/schoolInfo--schId-368152.dhtml"
"苏州工学院","江苏","江苏省","","https://yz.chsi.com.cn/sch/schoolInfo--schId-3274412277.dhtml"
"淮阴工学院","江苏","江苏省","","https://yz.chsi.com.cn/sch/schoolInfo--schId-302969868.dhtml"
"常州工学院","江苏","江苏省","","https://yz.chsi.com.cn/sch/schoolInfo--schId-3274413736.dhtml"
"扬州大学","江苏","江苏省","","https://yz.chsi.com.cn/sch/schoolInfo--schId-368161.dhtml"
"南京工程学院","江苏","江苏省","","https://yz.chsi.com.cn/sch/schoolInfo--schId-302972979.dhtml"
"南京审计大学","江苏","江苏省","","https://yz.chsi.com.cn/sch/schoolInfo--schId-302973180.dhtml"
"南京晓庄学院","江苏","江苏省","","https://yz.chsi.com.cn/sch/schoolInfo--schId-3274414158.dhtml"
"江苏理工学院","江苏","江苏省","","https://yz.chsi.com.cn/sch/schoolInfo--schId-302975077.dhtml"
"江苏海洋大学","江苏","江苏省","","https://yz.chsi.com.cn/sch/schoolInfo--schId-688909698.dhtml"
"徐州工程学院","江苏","江苏省","","https://yz.chsi.com.cn/sch/schoolInfo--schId-3416382198.dhtml"
"南京警察学院","江苏","江苏省","","https://yz.chsi.com.cn/sch/schoolInfo--schId-3416382259.dhtml"
"金陵科技学院","江苏","江苏省","","https://yz.chsi.com.cn/sch/schoolInfo--schId-2807891547.dhtml"
"国网电力科学研究院","江苏","国家电网公司","","https://yz.chsi.com.cn/sch/schoolInfo--schId-368154.dhtml"
"南京水利科学研究院","江苏","水利部","","https://yz.chsi.com.cn/sch/schoolInfo--schId-368153.dhtml"
"中国航空研究院(609所)","江苏","工业与信息化部","","https://yz.chsi.com.cn/sch/schoolInfo--schId-368334.dhtml"
"中国舰船研究院(中国船舶科学研究中心)","江苏","工业与信息化部","","https://yz.chsi.com.cn/sch/schoolInfo--schId-368169.dhtml"
"中国舰船研究院(江苏自动化研究所)","江苏","工业与信息化部","","https://yz.chsi.com.cn/sch/schoolInfo--schId-368165.dhtml"
"江苏省中国科学院植物研究所","江苏","江苏省","","https://yz.chsi.com.cn/sch/schoolInfo--schId-368187.dhtml"
"江苏省血吸虫病防治研究所","江苏","江苏省","","https://yz.chsi.com.cn/sch/schoolInfo--schId-368166.dhtml"
"中共江苏省委党校","江苏","江苏省","","https://yz.chsi.com.cn/sch/schoolInfo--schId-368176.dhtml"
"陆军指挥学院","江苏","解放军","","https://yz.chsi.com.cn/sch/schoolInfo--schId-368168.dhtml"
"陆军工程大学","江苏","解放军","","https://yz.chsi.com.cn/sch/schoolInfo--schId-368162.dhtml"
"海军指挥学院","江苏","解放军","","https://yz.chsi.com.cn/sch/schoolInfo--schId-368173.dhtml"
"空军勤务学院","江苏","解放军","","https://yz.chsi.com.cn/sch/schoolInfo--schId-368174.dhtml"
"网络空间部队第五十六研究所","江苏","解放军","","https://yz.chsi.com.cn/sch/schoolInfo--schId-368175.dhtml"
"浙江大学","浙江","教育部","985/211/双一流","https://yz.chsi.com.cn/sch/schoolInfo--schId-368213.dhtml"
"杭州电子科技大学","浙江","浙江省","","https://yz.chsi.com.cn/sch/schoolInfo--schId-368219.dhtml"
"浙江工业大学","浙江","浙江省","","https://yz.chsi.com.cn/sch/schoolInfo--schId-368218.dhtml"
"浙江理工大学","浙江","浙江省","","https://yz.chsi.com.cn/sch/schoolInfo--schId-368217.dhtml"
"浙江海洋大学","浙江","浙江省","","https://yz.chsi.com.cn/sch/schoolInfo--schId-677911.dhtml"
"浙江农林大学","浙江","浙江省","","https://yz.chsi.com.cn/sch/schoolInfo--schId-368216.dhtml"
"温州医科大学","浙江","浙江省","","https://yz.chsi.com.cn/sch/schoolInfo--schId-368211.dhtml"
"浙江中医药大学","浙江","浙江省","","https://yz.chsi.com.cn/sch/schoolInfo--schId-368215.dhtml"
"浙江师范大学","浙江","浙江省","","https://yz.chsi.com.cn/sch/schoolInfo--schId-368220.dhtml"
"杭州师范大学","浙江","浙江省","","https://yz.chsi.com.cn/sch/schoolInfo--schId-368214.dhtml"
"湖州师范学院","浙江","浙江省","","https://yz.chsi.com.cn/sch/schoolInfo--schId-302961122.dhtml"
"绍兴文理学院","浙江","浙江省","","https://yz.chsi.com.cn/sch/schoolInfo--schId-688908649.dhtml"
"台州学院","浙江","浙江省","","https://yz.chsi.com.cn/sch/schoolInfo--schId-2807890898.dhtml"
"温州大学","浙江","浙江省","","https://yz.chsi.com.cn/sch/schoolInfo--schId-368221.dhtml"
"丽水学院","浙江","浙江省","","https://yz.chsi.com.cn/sch/schoolInfo--schId-2807890957.dhtml"
"浙江工商大学","浙江","浙江省","","https://yz.chsi.com.cn/sch/schoolInfo--schId-368210.dhtml"
"嘉兴大学","浙江","浙江省","","https://yz.chsi.com.cn/sch/schoolInfo--schId-2807891016.dhtml"
"中国美术学院","浙江","浙江省","双一流","https://yz.chsi.com.cn/sch/schoolInfo--schId-368203.dhtml"
"中国计量大学","浙江","浙江省","","https://yz.chsi.com.cn/sch/schoolInfo--schId-368205.dhtml"
"浙江万里学院","浙江","浙江省","","https://yz.chsi.com.cn/sch/schoolInfo--schId-302968602.dhtml"
"浙江科技大学","浙江","浙江省","","https://yz.chsi.com.cn/sch/schoolInfo--schId-688909631.dhtml"
"宁波工程学院","浙江","浙江省","","https://yz.chsi.com.cn/sch/schoolInfo--schId-2807891075.dhtml"
"浙江财经大学","浙江","浙江省","","https://yz.chsi.com.cn/sch/schoolInfo--schId-368206.dhtml"
"浙江警察学院","浙江","浙江省","","https://yz.chsi.com.cn/sch/schoolInfo--schId-2807891134.dhtml"
"衢州学院","浙江","浙江省","","https://yz.chsi.com.cn/sch/schoolInfo--schId-3274414232.dhtml"
"宁波大学","浙江","浙江省","双一流","https://yz.chsi.com.cn/sch/schoolInfo--schId-368207.dhtml"
"浙江传媒学院","浙江","浙江省","","https://yz.chsi.com.cn/sch/schoolInfo--schId-302980714.dhtml"
"浙江树人学院","浙江","浙江省","","https://yz.chsi.com.cn/sch/schoolInfo--schId-3416382139.dhtml"
"浙大城市学院","浙江","浙江省","","https://yz.chsi.com.cn/sch/schoolInfo--schId-2807892271.dhtml"
"浙大宁波理工学院","浙江","浙江省","","https://yz.chsi.com.cn/sch/schoolInfo--schId-3274414374.dhtml"
"杭州医学院","浙江","浙江省","","https://yz.chsi.com.cn/sch/schoolInfo--schId-2807892033.dhtml"
"浙江外国语学院","浙江","浙江省","","https://yz.chsi.com.cn/sch/schoolInfo--schId-3274412069.dhtml"
"浙江音乐学院","浙江","浙江省","","https://yz.chsi.com.cn/sch/schoolInfo--schId-1865235773.dhtml"
"西湖大学","浙江","浙江省","","https://yz.chsi.com.cn/sch/schoolInfo--schId-2615441003.dhtml"
"自然资源部第二海洋研究所","浙江","自然资源部","","https://yz.chsi.com.cn/sch/schoolInfo--schId-368208.dhtml"
"中国舰船研究院(杭州应用声学研究所)","浙江","工业与信息化部","","https://yz.chsi.com.cn/sch/schoolInfo--schId-368212.dhtml"
"中共浙江省委党校","浙江","浙江省","","https://yz.chsi.com.cn/sch/schoolInfo--schId-368204.dhtml"
"安徽大学","安徽","安徽省","双一流","https://yz.chsi.com.cn/sch/schoolInfo--schId-368224.dhtml"
"中国科学技术大学","安徽","中国科学院","985/211/双一流","https://yz.chsi.com.cn/sch/schoolInfo--schId-368237.dhtml"
"合肥工业大学","安徽","教育部","双一流","https://yz.chsi.com.cn/sch/schoolInfo--schId-368238.dhtml"
"安徽工业大学","安徽","安徽省","","https://yz.chsi.com.cn/sch/schoolInfo--schId-368234.dhtml"
"安徽理工大学","安徽","安徽省","","https://yz.chsi.com.cn/sch/schoolInfo--schId-368239.dhtml"
"安徽工程大学","安徽","安徽省","","https://yz.chsi.com.cn/sch/schoolInfo--schId-368240.dhtml"
"安徽农业大学","安徽","安徽省","","https://yz.chsi.com.cn/sch/schoolInfo--schId-368241.dhtml"
"安徽医科大学","安徽","安徽省","","https://yz.chsi.com.cn/sch/schoolInfo--schId-368242.dhtml"
"蚌埠医科大学","安徽","安徽省","","https://yz.chsi.com.cn/sch/schoolInfo--schId-368243.dhtml"
"皖南医学院","安徽","安徽省","","https://yz.chsi.com.cn/sch/schoolInfo--schId-368244.dhtml"
"安徽中医药大学","安徽","安徽省","","https://yz.chsi.com.cn/sch/schoolInfo--schId-368245.dhtml"
"安徽师范大学","安徽","安徽省","","https://yz.chsi.com.cn/sch/schoolInfo--schId-368236.dhtml"
"阜阳师范大学","安徽","安徽省","","https://yz.chsi.com.cn/sch/schoolInfo--schId-688908731.dhtml"
"安庆师范大学","安徽","安徽省","","https://yz.chsi.com.cn/sch/schoolInfo--schId-677978.dhtml"
"淮北师范大学","安徽","安徽省","","https://yz.chsi.com.cn/sch/schoolInfo--schId-368233.dhtml"
"皖西学院","安徽","安徽省","","https://yz.chsi.com.cn/sch/schoolInfo--schId-3274440551.dhtml"
"滁州学院","安徽","安徽省","","https://yz.chsi.com.cn/sch/schoolInfo--schId-3274412345.dhtml"
"安徽财经大学","安徽","安徽省","","https://yz.chsi.com.cn/sch/schoolInfo--schId-368232.dhtml"
"宿州学院","安徽","安徽省","","https://yz.chsi.com.cn/sch/schoolInfo--schId-3416379469.dhtml"
"安徽建筑大学","安徽","安徽省","","https://yz.chsi.com.cn/sch/schoolInfo--schId-678849.dhtml"
"安徽科技学院","安徽","安徽省","","https://yz.chsi.com.cn/sch/schoolInfo--schId-302968759.dhtml"
"合肥大学","安徽","安徽省","","https://yz.chsi.com.cn/sch/schoolInfo--schId-302972195.dhtml"
"合肥师范学院","安徽","安徽省","","https://yz.chsi.com.cn/sch/schoolInfo--schId-302982619.dhtml"
"马鞍山矿山研究院","安徽","中钢集团公司","","https://yz.chsi.com.cn/sch/schoolInfo--schId-368226.dhtml"
"陆军兵种大学","安徽","解放军","","https://yz.chsi.com.cn/sch/schoolInfo--schId-3416382502.dhtml"
"厦门大学","福建","教育部","985/211/双一流","https://yz.chsi.com.cn/sch/schoolInfo--schId-368256.dhtml"
"华侨大学","福建","中央统战部","","https://yz.chsi.com.cn/sch/schoolInfo--schId-368255.dhtml"
"福州大学","福建","福建省","双一流","https://yz.chsi.com.cn/sch/schoolInfo--schId-368254.dhtml"
"福建理工大学","福建","福建省","","https://yz.chsi.com.cn/sch/schoolInfo--schId-688908804.dhtml"
"福建农林大学","福建","福建省","","https://yz.chsi.com.cn/sch/schoolInfo--schId-368253.dhtml"
"集美大学","福建","福建省","","https://yz.chsi.com.cn/sch/schoolInfo--schId-368249.dhtml"
"福建医科大学","福建","福建省","","https://yz.chsi.com.cn/sch/schoolInfo--schId-368252.dhtml"
"福建中医药大学","福建","福建省","","https://yz.chsi.com.cn/sch/schoolInfo--schId-368251.dhtml"
"福建师范大学","福建","福建省","","https://yz.chsi.com.cn/sch/schoolInfo--schId-368246.dhtml"
"闽江学院","福建","福建省","","https://yz.chsi.com.cn/sch/schoolInfo--schId-302961334.dhtml"
"武夷学院","福建","福建省","","https://yz.chsi.com.cn/sch/schoolInfo--schId-3274412417.dhtml"
"宁德师范学院","福建","福建省","","https://yz.chsi.com.cn/sch/schoolInfo--schId-3416379530.dhtml"
"泉州师范学院","福建","福建省","","https://yz.chsi.com.cn/sch/schoolInfo--schId-302961587.dhtml"
"闽南师范大学","福建","福建省","","https://yz.chsi.com.cn/sch/schoolInfo--schId-368250.dhtml"
"厦门理工学院","福建","福建省","","https://yz.chsi.com.cn/sch/schoolInfo--schId-302972497.dhtml"
"三明学院","福建","福建省","","https://yz.chsi.com.cn/sch/schoolInfo--schId-3274414024.dhtml"
"龙岩学院","福建","福建省","","https://yz.chsi.com.cn/sch/schoolInfo--schId-3274411999.dhtml"
"莆田学院","福建","福建省","","https://yz.chsi.com.cn/sch/schoolInfo--schId-2807891370.dhtml"
"福建江夏学院","福建","福建省","","https://yz.chsi.com.cn/sch/schoolInfo--schId-3416382320.dhtml"
"厦门国家会计学院","福建","财政部","","https://yz.chsi.com.cn/sch/schoolInfo--schId-219711693.dhtml"
"自然资源部第三海洋研究所","福建","自然资源部","","https://yz.chsi.com.cn/sch/schoolInfo--schId-368247.dhtml"
"南昌大学","江西","江西省","双一流","https://yz.chsi.com.cn/sch/schoolInfo--schId-368259.dhtml"
"华东交通大学","江西","江西省","","https://yz.chsi.com.cn/sch/schoolInfo--schId-368267.dhtml"
"东华理工大学","江西","江西省","","https://yz.chsi.com.cn/sch/schoolInfo--schId-368266.dhtml"
"南昌航空大学","江西","江西省","","https://yz.chsi.com.cn/sch/schoolInfo--schId-368265.dhtml"
"江西理工大学","江西","江西省","","https://yz.chsi.com.cn/sch/schoolInfo--schId-368264.dhtml"
"景德镇陶瓷大学","江西","江西省","","https://yz.chsi.com.cn/sch/schoolInfo--schId-368258.dhtml"
"江西农业大学","江西","江西省","","https://yz.chsi.com.cn/sch/schoolInfo--schId-368269.dhtml"
"江西中医药大学","江西","江西省","","https://yz.chsi.com.cn/sch/schoolInfo--schId-368263.dhtml"
"赣南医科大学","江西","江西省","","https://yz.chsi.com.cn/sch/schoolInfo--schId-688908884.dhtml"
"江西师范大学","江西","江西省","","https://yz.chsi.com.cn/sch/schoolInfo--schId-368262.dhtml"
"上饶师范学院","江西","江西省","","https://yz.chsi.com.cn/sch/schoolInfo--schId-3274412490.dhtml"
"宜春学院","江西","江西省","","https://yz.chsi.com.cn/sch/schoolInfo--schId-302961817.dhtml"
"赣南师范大学","江西","江西省","","https://yz.chsi.com.cn/sch/schoolInfo--schId-368261.dhtml"
"井冈山大学","江西","江西省","","https://yz.chsi.com.cn/sch/schoolInfo--schId-302962123.dhtml"
"江西财经大学","江西","江西省","","https://yz.chsi.com.cn/sch/schoolInfo--schId-368260.dhtml"
"江西科技师范大学","江西","江西省","","https://yz.chsi.com.cn/sch/schoolInfo--schId-678983.dhtml"
"江西水利电力大学","江西","江西省","","https://yz.chsi.com.cn/sch/schoolInfo--schId-302973471.dhtml"
"九江学院","江西","江西省","","https://yz.chsi.com.cn/sch/schoolInfo--schId-3274440799.dhtml"
"中国航空研究院(602所)","江西","工业与信息化部","","https://yz.chsi.com.cn/sch/schoolInfo--schId-368257.dhtml"
"陆军步兵学院","江西","解放军","","https://yz.chsi.com.cn/sch/schoolInfo--schId-688910183.dhtml"
"山东大学","山东","教育部","985/211/双一流","https://yz.chsi.com.cn/sch/schoolInfo--schId-368289.dhtml"
"中国海洋大学","山东","教育部","双一流","https://yz.chsi.com.cn/sch/schoolInfo--schId-368290.dhtml"
"山东科技大学","山东","山东省","","https://yz.chsi.com.cn/sch/schoolInfo--schId-368291.dhtml"
"中国石油大学(华东)","山东","教育部","双一流","https://yz.chsi.com.cn/sch/schoolInfo--schId-368302.dhtml"
"青岛科技大学","山东","山东省","","https://yz.chsi.com.cn/sch/schoolInfo--schId-368292.dhtml"
"济南大学","山东","山东省","","https://yz.chsi.com.cn/sch/schoolInfo--schId-368278.dhtml"
"青岛理工大学","山东","山东省","","https://yz.chsi.com.cn/sch/schoolInfo--schId-368286.dhtml"
"山东建筑大学","山东","山东省","","https://yz.chsi.com.cn/sch/schoolInfo--schId-368293.dhtml"
"齐鲁工业大学","山东","山东省","","https://yz.chsi.com.cn/sch/schoolInfo--schId-368294.dhtml"
"山东理工大学","山东","山东省","","https://yz.chsi.com.cn/sch/schoolInfo--schId-368279.dhtml"
"山东农业大学","山东","山东省","","https://yz.chsi.com.cn/sch/schoolInfo--schId-368295.dhtml"
"青岛农业大学","山东","山东省","","https://yz.chsi.com.cn/sch/schoolInfo--schId-368296.dhtml"
"山东第二医科大学","山东","山东省","","https://yz.chsi.com.cn/sch/schoolInfo--schId-368297.dhtml"
"山东第一医科大学","山东","山东省","","https://yz.chsi.com.cn/sch/schoolInfo--schId-368298.dhtml"
"滨州医学院","山东","山东省","","https://yz.chsi.com.cn/sch/schoolInfo--schId-368299.dhtml"
"山东中医药大学","山东","山东省","","https://yz.chsi.com.cn/sch/schoolInfo--schId-368300.dhtml"
"济宁医学院","山东","山东省","","https://yz.chsi.com.cn/sch/schoolInfo--schId-302964566.dhtml"
"山东师范大学","山东","山东省","","https://yz.chsi.com.cn/sch/schoolInfo--schId-368301.dhtml"
"曲阜师范大学","山东","山东省","","https://yz.chsi.com.cn/sch/schoolInfo--schId-368284.dhtml"
"聊城大学","山东","山东省","","https://yz.chsi.com.cn/sch/schoolInfo--schId-368287.dhtml"
"德州学院","山东","山东省教育厅","","https://yz.chsi.com.cn/sch/schoolInfo--schId-3274412563.dhtml"
"山东航空学院","山东","山东省","","https://yz.chsi.com.cn/sch/schoolInfo--schId-2807891665.dhtml"
"鲁东大学","山东","山东省","","https://yz.chsi.com.cn/sch/schoolInfo--schId-368288.dhtml"
"临沂大学","山东","山东省","","https://yz.chsi.com.cn/sch/schoolInfo--schId-2124775747.dhtml"
"泰山学院","山东","山东省","","https://yz.chsi.com.cn/sch/schoolInfo--schId-3416379589.dhtml"
"山东财经大学","山东","山东省","","https://yz.chsi.com.cn/sch/schoolInfo--schId-368273.dhtml"
"山东体育学院","山东","山东省","","https://yz.chsi.com.cn/sch/schoolInfo--schId-368274.dhtml"
"山东艺术学院","山东","山东省","","https://yz.chsi.com.cn/sch/schoolInfo--schId-368275.dhtml"
"枣庄学院","山东","山东省教育厅","","https://yz.chsi.com.cn/sch/schoolInfo--schId-3274413522.dhtml"
"山东工艺美术学院","山东","山东省","","https://yz.chsi.com.cn/sch/schoolInfo--schId-678916.dhtml"
"青岛大学","山东","山东省","","https://yz.chsi.com.cn/sch/schoolInfo--schId-368271.dhtml"
"烟台大学","山东","山东省","","https://yz.chsi.com.cn/sch/schoolInfo--schId-368276.dhtml"
"潍坊学院","山东","山东省教育厅","","https://yz.chsi.com.cn/sch/schoolInfo--schId-3274413804.dhtml"
"山东交通学院","山东","山东省","","https://yz.chsi.com.cn/sch/schoolInfo--schId-302975262.dhtml"
"山东工商学院","山东","山东省","","https://yz.chsi.com.cn/sch/schoolInfo--schId-688909784.dhtml"
"山东政法学院","山东","山东省","","https://yz.chsi.com.cn/sch/schoolInfo--schId-302982783.dhtml"
"中国兵器科学研究院(山东非金属材料研究所)","山东","工业与信息化部","","https://yz.chsi.com.cn/sch/schoolInfo--schId-368281.dhtml"
"自然资源部第一海洋研究所","山东","国家海洋局","","https://yz.chsi.com.cn/sch/schoolInfo--schId-368282.dhtml"
"中共山东省委党校","山东","山东省","","https://yz.chsi.com.cn/sch/schoolInfo--schId-368283.dhtml"
"海军潜艇学院","山东","解放军","","https://yz.chsi.com.cn/sch/schoolInfo--schId-368272.dhtml"
"海军航空大学","山东","解放军","","https://yz.chsi.com.cn/sch/schoolInfo--schId-368270.dhtml"
"华北水利水电大学","河南","河南省","","https://yz.chsi.com.cn/sch/schoolInfo--schId-368315.dhtml"
"郑州大学","河南","河南省","双一流","https://yz.chsi.com.cn/sch/schoolInfo--schId-368317.dhtml"
"河南理工大学","河南","河南省","","https://yz.chsi.com.cn/sch/schoolInfo--schId-368318.dhtml"
"郑州轻工业大学","河南","河南省","","https://yz.chsi.com.cn/sch/schoolInfo--schId-368319.dhtml"
"河南工业大学","河南","河南省","","https://yz.chsi.com.cn/sch/schoolInfo--schId-368320.dhtml"
"河南科技大学","河南","河南省","","https://yz.chsi.com.cn/sch/schoolInfo--schId-368326.dhtml"
"中原工学院","河南","河南省","","https://yz.chsi.com.cn/sch/schoolInfo--schId-368321.dhtml"
"河南农业大学","河南","河南省","","https://yz.chsi.com.cn/sch/schoolInfo--schId-368322.dhtml"
"河南科技学院","河南","河南省","","https://yz.chsi.com.cn/sch/schoolInfo--schId-678045.dhtml"
"河南中医药大学","河南","河南省","","https://yz.chsi.com.cn/sch/schoolInfo--schId-368323.dhtml"
"河南医药大学","河南","河南省","","https://yz.chsi.com.cn/sch/schoolInfo--schId-368324.dhtml"
"河南大学","河南","河南省","双一流","https://yz.chsi.com.cn/sch/schoolInfo--schId-368325.dhtml"
"河南师范大学","河南","河南省","","https://yz.chsi.com.cn/sch/schoolInfo--schId-368327.dhtml"
"信阳师范大学","河南","河南省","","https://yz.chsi.com.cn/sch/schoolInfo--schId-368313.dhtml"
"安阳师范学院","河南","河南省","","https://yz.chsi.com.cn/sch/schoolInfo--schId-302964838.dhtml"
"南阳师范学院","河南","河南省","","https://yz.chsi.com.cn/sch/schoolInfo--schId-302965003.dhtml"
"洛阳师范学院","河南","河南省","","https://yz.chsi.com.cn/sch/schoolInfo--schId-302965252.dhtml"
"河南财经政法大学","河南","河南省","","https://yz.chsi.com.cn/sch/schoolInfo--schId-368304.dhtml"
"郑州航空工业管理学院","河南","河南省","","https://yz.chsi.com.cn/sch/schoolInfo--schId-688908956.dhtml"
"平顶山学院","河南","河南省","","https://yz.chsi.com.cn/sch/schoolInfo--schId-3274413590.dhtml"
"河南城建学院","河南","河南省","","https://yz.chsi.com.cn/sch/schoolInfo--schId-3274440676.dhtml"
"中钢集团洛阳耐火材料研究院","河南","中钢集团公司","","https://yz.chsi.com.cn/sch/schoolInfo--schId-368305.dhtml"
"机械科学研究总院(郑州机械研究所)","河南","机械科学研究院","","https://yz.chsi.com.cn/sch/schoolInfo--schId-368306.dhtml"
"中国航空研究院(014中心)","河南","工业与信息化部","","https://yz.chsi.com.cn/sch/schoolInfo--schId-368307.dhtml"
"中国航空研究院(613所)","河南","工业与信息化部","","https://yz.chsi.com.cn/sch/schoolInfo--schId-368303.dhtml"
"中国烟草总公司郑州烟草研究院","河南","国家烟草专卖局","","https://yz.chsi.com.cn/sch/schoolInfo--schId-368314.dhtml"
"中国舰船研究院(郑州机电工程研究所)","河南","工业与信息化部","","https://yz.chsi.com.cn/sch/schoolInfo--schId-368309.dhtml"
"中国舰船研究院(洛阳船舶材料研究所)","河南","工业与信息化部","","https://yz.chsi.com.cn/sch/schoolInfo--schId-368310.dhtml"
"网络空间部队信息工程大学","河南","解放军","","https://yz.chsi.com.cn/sch/schoolInfo--schId-368312.dhtml"
"武汉大学","湖北","教育部","985/211/双一流","https://yz.chsi.com.cn/sch/schoolInfo--schId-368357.dhtml"
"华中科技大学","湖北","教育部","985/211/双一流","https://yz.chsi.com.cn/sch/schoolInfo--schId-368358.dhtml"
"武汉科技大学","湖北","湖北省","","https://yz.chsi.com.cn/sch/schoolInfo--schId-368359.dhtml"
"长江大学","湖北","湖北省","","https://yz.chsi.com.cn/sch/schoolInfo--schId-368360.dhtml"
"武汉工程大学","湖北","湖北省","","https://yz.chsi.com.cn/sch/schoolInfo--schId-368361.dhtml"
"中国地质大学(武汉)","湖北","教育部","双一流","https://yz.chsi.com.cn/sch/schoolInfo--schId-368369.dhtml"
"武汉纺织大学","湖北","湖北省","","https://yz.chsi.com.cn/sch/schoolInfo--schId-368362.dhtml"
"武汉轻工大学","湖北","湖北省","","https://yz.chsi.com.cn/sch/schoolInfo--schId-368354.dhtml"
"武汉理工大学","湖北","教育部","双一流","https://yz.chsi.com.cn/sch/schoolInfo--schId-368363.dhtml"
"湖北工业大学","湖北","湖北省","","https://yz.chsi.com.cn/sch/schoolInfo--schId-368364.dhtml"
"华中农业大学","湖北","教育部","双一流","https://yz.chsi.com.cn/sch/schoolInfo--schId-368365.dhtml"
"湖北中医药大学","湖北","湖北省","","https://yz.chsi.com.cn/sch/schoolInfo--schId-368371.dhtml"
"华中师范大学","湖北","教育部","双一流","https://yz.chsi.com.cn/sch/schoolInfo--schId-368378.dhtml"
"湖北大学","湖北","湖北省","","https://yz.chsi.com.cn/sch/schoolInfo--schId-368377.dhtml"
"湖北师范大学","湖北","湖北省","","https://yz.chsi.com.cn/sch/schoolInfo--schId-678112.dhtml"
"黄冈师范学院","湖北","湖北省","","https://yz.chsi.com.cn/sch/schoolInfo--schId-302965423.dhtml"
"湖北民族大学","湖北","湖北省","","https://yz.chsi.com.cn/sch/schoolInfo--schId-678179.dhtml"
"湖北文理学院","湖北","湖北省","","https://yz.chsi.com.cn/sch/schoolInfo--schId-2107934497.dhtml"
"中南财经政法大学","湖北","教育部","双一流","https://yz.chsi.com.cn/sch/schoolInfo--schId-368376.dhtml"
"武汉体育学院","湖北","国家体育总局","","https://yz.chsi.com.cn/sch/schoolInfo--schId-368375.dhtml"
"湖北美术学院","湖北","湖北省","","https://yz.chsi.com.cn/sch/schoolInfo--schId-368374.dhtml"
"中南民族大学","湖北","国家民族事务委员会","","https://yz.chsi.com.cn/sch/schoolInfo--schId-368373.dhtml"
"湖北汽车工业学院","湖北","湖北省","","https://yz.chsi.com.cn/sch/schoolInfo--schId-688909023.dhtml"
"湖北工程学院","湖北","湖北省","","https://yz.chsi.com.cn/sch/schoolInfo--schId-3416379650.dhtml"
"湖北理工学院","湖北","湖北省","","https://yz.chsi.com.cn/sch/schoolInfo--schId-3274413657.dhtml"
"湖北科技学院","湖北","湖北省","","https://yz.chsi.com.cn/sch/schoolInfo--schId-302968985.dhtml"
"湖北医药学院","湖北","湖北省","","https://yz.chsi.com.cn/sch/schoolInfo--schId-688909561.dhtml"
"江汉大学","湖北","湖北省","","https://yz.chsi.com.cn/sch/schoolInfo--schId-368345.dhtml"
"三峡大学","湖北","湖北省","","https://yz.chsi.com.cn/sch/schoolInfo--schId-368366.dhtml"
"武汉音乐学院","湖北","湖北省","","https://yz.chsi.com.cn/sch/schoolInfo--schId-368372.dhtml"
"湖北经济学院","湖北","湖北省","","https://yz.chsi.com.cn/sch/schoolInfo--schId-302976118.dhtml"
"长江科学院","湖北","水利部","","https://yz.chsi.com.cn/sch/schoolInfo--schId-368351.dhtml"
"中钢集团武汉安全环保研究院","湖北","中钢集团公司","","https://yz.chsi.com.cn/sch/schoolInfo--schId-368338.dhtml"
"机械科学研究总院(武汉材料保护研究所)","湖北","机械科学研究院","","https://yz.chsi.com.cn/sch/schoolInfo--schId-368333.dhtml"
"中国航空研究院(610所)","湖北","工业与信息化部","","https://yz.chsi.com.cn/sch/schoolInfo--schId-368339.dhtml"
"航天动力技术研究院(42所)","湖北","工业与信息化部","","https://yz.chsi.com.cn/sch/schoolInfo--schId-368332.dhtml"
"武汉邮电科学研究院","湖北","工业与信息化部","","https://yz.chsi.com.cn/sch/schoolInfo--schId-368331.dhtml"
"武汉生物制品研究所","湖北","中国生物制品总公司","","https://yz.chsi.com.cn/sch/schoolInfo--schId-368330.dhtml"
"中国地震局地震研究所","湖北","中国地震局","","https://yz.chsi.com.cn/sch/schoolInfo--schId-368329.dhtml"
"中国舰船研究院(武汉数字工程研究所)","湖北","工业与信息化部","","https://yz.chsi.com.cn/sch/schoolInfo--schId-368336.dhtml"
"中国舰船研究院(中国舰船研究设计中心)","湖北","工业与信息化部","","https://yz.chsi.com.cn/sch/schoolInfo--schId-368340.dhtml"
"中国舰船研究院(武汉船用电力推进装置研究所)","湖北","工业与信息化部","","https://yz.chsi.com.cn/sch/schoolInfo--schId-368341.dhtml"
"中国舰船研究院(华中光电技术研究所)","湖北","工业与信息化部","","https://yz.chsi.com.cn/sch/schoolInfo--schId-368342.dhtml"
"中国舰船研究院(武汉船舶通信研究所)","湖北","工业与信息化部","","https://yz.chsi.com.cn/sch/schoolInfo--schId-368343.dhtml"
"中国舰船研究院(武汉第二船舶设计研究所)","湖北","工业与信息化部","","https://yz.chsi.com.cn/sch/schoolInfo--schId-368353.dhtml"
"湖北省社会科学院","湖北","湖北省","","https://yz.chsi.com.cn/sch/schoolInfo--schId-368337.dhtml"
"中共湖北省委党校","湖北","湖北省","","https://yz.chsi.com.cn/sch/schoolInfo--schId-368346.dhtml"
"海军工程大学","湖北","解放军","","https://yz.chsi.com.cn/sch/schoolInfo--schId-368349.dhtml"
"空军预警学院","湖北","解放军","","https://yz.chsi.com.cn/sch/schoolInfo--schId-368350.dhtml"
"火箭军指挥学院","湖北","解放军","","https://yz.chsi.com.cn/sch/schoolInfo--schId-368335.dhtml"
"信息支援部队工程大学","湖北","解放军","","https://yz.chsi.com.cn/sch/schoolInfo--schId-3416382837.dhtml"
"湘潭大学","湖南","湖南省","双一流","https://yz.chsi.com.cn/sch/schoolInfo--schId-368395.dhtml"
"吉首大学","湖南","湖南省","","https://yz.chsi.com.cn/sch/schoolInfo--schId-368394.dhtml"
"湖南大学","湖南","教育部","985/211/双一流","https://yz.chsi.com.cn/sch/schoolInfo--schId-368380.dhtml"
"中南大学","湖南","教育部","985/211/双一流","https://yz.chsi.com.cn/sch/schoolInfo--schId-368393.dhtml"
"湖南科技大学","湖南","湖南省","","https://yz.chsi.com.cn/sch/schoolInfo--schId-368379.dhtml"
"长沙理工大学","湖南","湖南省","","https://yz.chsi.com.cn/sch/schoolInfo--schId-368397.dhtml"
"湖南农业大学","湖南","湖南省","","https://yz.chsi.com.cn/sch/schoolInfo--schId-368392.dhtml"
"中南林业科技大学","湖南","湖南省","","https://yz.chsi.com.cn/sch/schoolInfo--schId-368391.dhtml"
"湖南中医药大学","湖南","湖南省","","https://yz.chsi.com.cn/sch/schoolInfo--schId-368389.dhtml"
"湖南师范大学","湖南","湖南省","双一流","https://yz.chsi.com.cn/sch/schoolInfo--schId-368396.dhtml"
"湖南理工学院","湖南","湖南省","","https://yz.chsi.com.cn/sch/schoolInfo--schId-688909092.dhtml"
"衡阳师范学院","湖南","湖南省","","https://yz.chsi.com.cn/sch/schoolInfo--schId-2125728184.dhtml"
"邵阳学院","湖南","湖南省","","https://yz.chsi.com.cn/sch/schoolInfo--schId-302965637.dhtml"
"湖南文理学院","湖南","湖南省","","https://yz.chsi.com.cn/sch/schoolInfo--schId-3274412642.dhtml"
"湖南科技学院","湖南","湖南省","","https://yz.chsi.com.cn/sch/schoolInfo--schId-3416379711.dhtml"
"湖南人文科技学院","湖南","湖南省","","https://yz.chsi.com.cn/sch/schoolInfo--schId-302965854.dhtml"
"湖南工商大学","湖南","湖南省","","https://yz.chsi.com.cn/sch/schoolInfo--schId-688909169.dhtml"
"南华大学","湖南","湖南省","","https://yz.chsi.com.cn/sch/schoolInfo--schId-368390.dhtml"
"长沙学院","湖南","湖南省","","https://yz.chsi.com.cn/sch/schoolInfo--schId-3274413879.dhtml"
"湖南工程学院","湖南","湖南省","","https://yz.chsi.com.cn/sch/schoolInfo--schId-302973686.dhtml"
"湖南城市学院","湖南","湖南省","","https://yz.chsi.com.cn/sch/schoolInfo--schId-2807891852.dhtml"
"湖南工业大学","湖南","湖南省","","https://yz.chsi.com.cn/sch/schoolInfo--schId-368387.dhtml"
"湖南第一师范学院","湖南","湖南省","","https://yz.chsi.com.cn/sch/schoolInfo--schId-3274440738.dhtml"
"长沙矿冶研究院","湖南","转制科研单位","","https://yz.chsi.com.cn/sch/schoolInfo--schId-368385.dhtml"
"中国航空研究院(608所)","湖南","工业与信息化部","","https://yz.chsi.com.cn/sch/schoolInfo--schId-368384.dhtml"
"长沙矿山研究院","湖南","转制科研单位","","https://yz.chsi.com.cn/sch/schoolInfo--schId-368383.dhtml"
"湖南省中医药研究院","湖南","湖南省","","https://yz.chsi.com.cn/sch/schoolInfo--schId-368382.dhtml"
"中共湖南省委党校","湖南","湖南省","","https://yz.chsi.com.cn/sch/schoolInfo--schId-368381.dhtml"
"国防科技大学","湖南","解放军","双一流","https://yz.chsi.com.cn/sch/schoolInfo--schId-368388.dhtml"
"中山大学","广东","教育部","985/211/双一流","https://yz.chsi.com.cn/sch/schoolInfo--schId-368411.dhtml"
"暨南大学","广东","国务院侨务办公室","双一流","https://yz.chsi.com.cn/sch/schoolInfo--schId-368414.dhtml"
"汕头大学","广东","广东省","","https://yz.chsi.com.cn/sch/schoolInfo--schId-368428.dhtml"
"华南理工大学","广东","教育部","985/211/双一流","https://yz.chsi.com.cn/sch/schoolInfo--schId-368416.dhtml"
"华南农业大学","广东","广东省","双一流","https://yz.chsi.com.cn/sch/schoolInfo--schId-368413.dhtml"
"广东海洋大学","广东","广东省","","https://yz.chsi.com.cn/sch/schoolInfo--schId-368418.dhtml"
"广州医科大学","广东","广东省","双一流","https://yz.chsi.com.cn/sch/schoolInfo--schId-368419.dhtml"
"广东医科大学","广东","广东省","","https://yz.chsi.com.cn/sch/schoolInfo--schId-368420.dhtml"
"广州中医药大学","广东","广东省","双一流","https://yz.chsi.com.cn/sch/schoolInfo--schId-368421.dhtml"
"广东药科大学","广东","广东省","","https://yz.chsi.com.cn/sch/schoolInfo--schId-368427.dhtml"
"华南师范大学","广东","广东省","双一流","https://yz.chsi.com.cn/sch/schoolInfo--schId-368422.dhtml"
"韶关学院","广东","广东省","","https://yz.chsi.com.cn/sch/schoolInfo--schId-3274412711.dhtml"
"惠州学院","广东","广东省","","https://yz.chsi.com.cn/sch/schoolInfo--schId-3274412776.dhtml"
"韩山师范学院","广东","广东省","","https://yz.chsi.com.cn/sch/schoolInfo--schId-3416379770.dhtml"
"岭南师范学院","广东","广东省","","https://yz.chsi.com.cn/sch/schoolInfo--schId-3274412898.dhtml"
"肇庆学院","广东","广东省教育厅","","https://yz.chsi.com.cn/sch/schoolInfo--schId-2807891252.dhtml"
"嘉应学院","广东","广东省","","https://yz.chsi.com.cn/sch/schoolInfo--schId-3416379832.dhtml"
"广州体育学院","广东","广东省","","https://yz.chsi.com.cn/sch/schoolInfo--schId-368424.dhtml"
"广州美术学院","广东","广东省","","https://yz.chsi.com.cn/sch/schoolInfo--schId-368425.dhtml"
"星海音乐学院","广东","广东省","","https://yz.chsi.com.cn/sch/schoolInfo--schId-368426.dhtml"
"广东技术师范大学","广东","广东省","","https://yz.chsi.com.cn/sch/schoolInfo--schId-678246.dhtml"
"深圳大学","广东","广东省","","https://yz.chsi.com.cn/sch/schoolInfo--schId-368417.dhtml"
"广东财经大学","广东","广东省","","https://yz.chsi.com.cn/sch/schoolInfo--schId-368410.dhtml"
"广州大学","广东","广东省","","https://yz.chsi.com.cn/sch/schoolInfo--schId-368423.dhtml"
"仲恺农业工程学院","广东","广东省","","https://yz.chsi.com.cn/sch/schoolInfo--schId-679050.dhtml"
"五邑大学","广东","广东省","","https://yz.chsi.com.cn/sch/schoolInfo--schId-368408.dhtml"
"广东金融学院","广东","广东省","","https://yz.chsi.com.cn/sch/schoolInfo--schId-302975452.dhtml"
"广东石油化工学院","广东","广东省","","https://yz.chsi.com.cn/sch/schoolInfo--schId-2807891606.dhtml"
"东莞理工学院","广东","广东省","","https://yz.chsi.com.cn/sch/schoolInfo--schId-2124439800.dhtml"
"广东工业大学","广东","广东省","","https://yz.chsi.com.cn/sch/schoolInfo--schId-368400.dhtml"
"广东外语外贸大学","广东","广东省","","https://yz.chsi.com.cn/sch/schoolInfo--schId-368415.dhtml"
"佛山大学","广东","广东省","","https://yz.chsi.com.cn/sch/schoolInfo--schId-688910014.dhtml"
"南方医科大学","广东","广东省","","https://yz.chsi.com.cn/sch/schoolInfo--schId-368409.dhtml"
"南方科技大学","广东","广东省","双一流","https://yz.chsi.com.cn/sch/schoolInfo--schId-1865236958.dhtml"
"中共广东省委党校","广东","广东省","","https://yz.chsi.com.cn/sch/schoolInfo--schId-368407.dhtml"
"广东省社会科学院","广东","广东省","","https://yz.chsi.com.cn/sch/schoolInfo--schId-368405.dhtml"
"广东省心血管病研究所","广东","广东省","","https://yz.chsi.com.cn/sch/schoolInfo--schId-368406.dhtml"
"广西大学","广西","广西壮族自治区","双一流","https://yz.chsi.com.cn/sch/schoolInfo--schId-368436.dhtml"
"广西科技大学","广西","广西壮族自治区","","https://yz.chsi.com.cn/sch/schoolInfo--schId-678313.dhtml"
"桂林电子科技大学","广西","广西壮族自治区","","https://yz.chsi.com.cn/sch/schoolInfo--schId-368435.dhtml"
"桂林理工大学","广西","广西壮族自治区","","https://yz.chsi.com.cn/sch/schoolInfo--schId-368429.dhtml"
"广西医科大学","广西","广西壮族自治区","","https://yz.chsi.com.cn/sch/schoolInfo--schId-368434.dhtml"
"右江民族医学院","广西","广西壮族自治区","","https://yz.chsi.com.cn/sch/schoolInfo--schId-688909247.dhtml"
"广西中医药大学","广西","广西壮族自治区","","https://yz.chsi.com.cn/sch/schoolInfo--schId-368437.dhtml"
"桂林医科大学","广西","广西壮族自治区","","https://yz.chsi.com.cn/sch/schoolInfo--schId-678380.dhtml"
"广西师范大学","广西","广西壮族自治区","","https://yz.chsi.com.cn/sch/schoolInfo--schId-368433.dhtml"
"南宁师范大学","广西","广西壮族自治区","","https://yz.chsi.com.cn/sch/schoolInfo--schId-368432.dhtml"
"玉林师范学院","广西","广西壮族自治区","","https://yz.chsi.com.cn/sch/schoolInfo--schId-3274412965.dhtml"
"广西艺术学院","广西","广西壮族自治区","","https://yz.chsi.com.cn/sch/schoolInfo--schId-368431.dhtml"
"广西民族大学","广西","广西壮族自治区","","https://yz.chsi.com.cn/sch/schoolInfo--schId-368430.dhtml"
"广西财经学院","广西","广西壮族自治区","","https://yz.chsi.com.cn/sch/schoolInfo--schId-302975686.dhtml"
"北部湾大学","广西","广西壮族自治区","","https://yz.chsi.com.cn/sch/schoolInfo--schId-2118360154.dhtml"
"贺州学院","广西","广西壮族自治区","","https://yz.chsi.com.cn/sch/schoolInfo--schId-3274414302.dhtml"
"陆军特种作战学院","广西","解放军","","https://yz.chsi.com.cn/sch/schoolInfo--schId-368412.dhtml"
"海南大学","海南","海南省","双一流","https://yz.chsi.com.cn/sch/schoolInfo--schId-368439.dhtml"
"海南热带海洋学院","海南","海南省","","https://yz.chsi.com.cn/sch/schoolInfo--schId-499721832.dhtml"
"海南师范大学","海南","海南省","","https://yz.chsi.com.cn/sch/schoolInfo--schId-368440.dhtml"
"海南医科大学","海南","海南省","","https://yz.chsi.com.cn/sch/schoolInfo--schId-688909932.dhtml"
"三亚学院","海南","海南省","","https://yz.chsi.com.cn/sch/schoolInfo--schId-2807891911.dhtml"
"重庆大学","重庆","教育部","985/211/双一流","https://yz.chsi.com.cn/sch/schoolInfo--schId-368455.dhtml"
"重庆邮电大学","重庆","重庆市","","https://yz.chsi.com.cn/sch/schoolInfo--schId-368454.dhtml"
"重庆交通大学","重庆","重庆市","","https://yz.chsi.com.cn/sch/schoolInfo--schId-368453.dhtml"
"重庆医科大学","重庆","重庆市","","https://yz.chsi.com.cn/sch/schoolInfo--schId-368452.dhtml"
"西南大学","重庆","教育部","双一流","https://yz.chsi.com.cn/sch/schoolInfo--schId-368457.dhtml"
"重庆师范大学","重庆","重庆市","","https://yz.chsi.com.cn/sch/schoolInfo--schId-368451.dhtml"
"重庆文理学院","重庆","重庆市","","https://yz.chsi.com.cn/sch/schoolInfo--schId-2807892330.dhtml"
"重庆三峡学院","重庆","重庆市","","https://yz.chsi.com.cn/sch/schoolInfo--schId-688909319.dhtml"
"长江师范学院","重庆","重庆市","","https://yz.chsi.com.cn/sch/schoolInfo--schId-3274415400.dhtml"
"四川外国语大学","重庆","重庆市","","https://yz.chsi.com.cn/sch/schoolInfo--schId-368450.dhtml"
"西南政法大学","重庆","重庆市","","https://yz.chsi.com.cn/sch/schoolInfo--schId-368449.dhtml"
"四川美术学院","重庆","重庆市","","https://yz.chsi.com.cn/sch/schoolInfo--schId-368445.dhtml"
"重庆科技大学","重庆","重庆市","","https://yz.chsi.com.cn/sch/schoolInfo--schId-302975907.dhtml"
"重庆理工大学","重庆","重庆市","","https://yz.chsi.com.cn/sch/schoolInfo--schId-368441.dhtml"
"重庆工商大学","重庆","重庆市","","https://yz.chsi.com.cn/sch/schoolInfo--schId-368442.dhtml"
"重庆中医药学院","重庆","重庆市","","https://yz.chsi.com.cn/sch/schoolInfo--schId-3416382379.dhtml"
"中共重庆市委党校","重庆","重庆市","","https://yz.chsi.com.cn/sch/schoolInfo--schId-368444.dhtml"
"陆军军医大学","重庆","解放军","","https://yz.chsi.com.cn/sch/schoolInfo--schId-368456.dhtml"
"联勤保障部队工程大学","重庆","解放军","","https://yz.chsi.com.cn/sch/schoolInfo--schId-3416382896.dhtml"
"四川大学","四川","教育部","985/211/双一流","https://yz.chsi.com.cn/sch/schoolInfo--schId-368479.dhtml"
"西南交通大学","四川","教育部","双一流","https://yz.chsi.com.cn/sch/schoolInfo--schId-368494.dhtml"
"电子科技大学","四川","教育部","985/211/双一流","https://yz.chsi.com.cn/sch/schoolInfo--schId-368480.dhtml"
"西南石油大学","四川","四川省","双一流","https://yz.chsi.com.cn/sch/schoolInfo--schId-368476.dhtml"
"成都理工大学","四川","四川省","双一流","https://yz.chsi.com.cn/sch/schoolInfo--schId-368481.dhtml"
"西南科技大学","四川","四川省","","https://yz.chsi.com.cn/sch/schoolInfo--schId-368482.dhtml"
"成都信息工程大学","四川","四川省","","https://yz.chsi.com.cn/sch/schoolInfo--schId-368483.dhtml"
"四川轻化工大学","四川","四川省","","https://yz.chsi.com.cn/sch/schoolInfo--schId-368484.dhtml"
"西华大学","四川","四川省","","https://yz.chsi.com.cn/sch/schoolInfo--schId-368493.dhtml"
"中国民用航空飞行学院","四川","中国民用航空总局","","https://yz.chsi.com.cn/sch/schoolInfo--schId-678447.dhtml"
"四川农业大学","四川","四川省","双一流","https://yz.chsi.com.cn/sch/schoolInfo--schId-368486.dhtml"
"西昌学院","四川","四川省","","https://yz.chsi.com.cn/sch/schoolInfo--schId-3274441049.dhtml"
"西南医科大学","四川","四川省","","https://yz.chsi.com.cn/sch/schoolInfo--schId-368487.dhtml"
"成都中医药大学","四川","四川省","双一流","https://yz.chsi.com.cn/sch/schoolInfo--schId-368488.dhtml"
"川北医学院","四川","四川省","","https://yz.chsi.com.cn/sch/schoolInfo--schId-678514.dhtml"
"四川师范大学","四川","四川省","","https://yz.chsi.com.cn/sch/schoolInfo--schId-368489.dhtml"
"西华师范大学","四川","四川省","","https://yz.chsi.com.cn/sch/schoolInfo--schId-368490.dhtml"
"绵阳师范学院","四川","四川省","","https://yz.chsi.com.cn/sch/schoolInfo--schId-302966133.dhtml"
"内江师范学院","四川","四川省","","https://yz.chsi.com.cn/sch/schoolInfo--schId-3274440987.dhtml"
"宜宾学院","四川","四川省","","https://yz.chsi.com.cn/sch/schoolInfo--schId-3416381895.dhtml"
"乐山师范学院","四川","四川省","","https://yz.chsi.com.cn/sch/schoolInfo--schId-3274440926.dhtml"
"西南财经大学","四川","教育部","双一流","https://yz.chsi.com.cn/sch/schoolInfo--schId-368491.dhtml"
"成都体育学院","四川","四川省","","https://yz.chsi.com.cn/sch/schoolInfo--schId-368492.dhtml"
"四川音乐学院","四川","四川省","","https://yz.chsi.com.cn/sch/schoolInfo--schId-368485.dhtml"
"西南民族大学","四川","国家民族事务委员会","","https://yz.chsi.com.cn/sch/schoolInfo--schId-368477.dhtml"
"成都大学","四川","四川省","","https://yz.chsi.com.cn/sch/schoolInfo--schId-368470.dhtml"
"攀枝花学院","四川","四川省","","https://yz.chsi.com.cn/sch/schoolInfo--schId-2807891970.dhtml"
"四川警察学院","四川","四川省","","https://yz.chsi.com.cn/sch/schoolInfo--schId-302981588.dhtml"
"成都医学院","四川","四川省","","https://yz.chsi.com.cn/sch/schoolInfo--schId-302982288.dhtml"
"中国核动力研究设计院","四川","工业与信息化部","","https://yz.chsi.com.cn/sch/schoolInfo--schId-368464.dhtml"
"核工业西南物理研究院","四川","工业与信息化部","","https://yz.chsi.com.cn/sch/schoolInfo--schId-368478.dhtml"
"中国航空研究院(611所)","四川","工业与信息化部","","https://yz.chsi.com.cn/sch/schoolInfo--schId-368460.dhtml"
"中国航空研究院(624所)","四川","工业与信息化部","","https://yz.chsi.com.cn/sch/schoolInfo--schId-368466.dhtml"
"中国兵器科学研究院(西南技术物理研究所)","四川","工业与信息化部","","https://yz.chsi.com.cn/sch/schoolInfo--schId-368468.dhtml"
"中国兵器科学研究院(西南自动化研究所)","四川","工业与信息化部","","https://yz.chsi.com.cn/sch/schoolInfo--schId-368469.dhtml"
"电信科学技术研究院(第五研究所)","四川","工业与信息化部","","https://yz.chsi.com.cn/sch/schoolInfo--schId-368475.dhtml"
"四川省社会科学院","四川","四川省","","https://yz.chsi.com.cn/sch/schoolInfo--schId-368459.dhtml"
"中共四川省委党校","四川","四川省","","https://yz.chsi.com.cn/sch/schoolInfo--schId-368471.dhtml"
"贵州大学","贵州","贵州省","双一流","https://yz.chsi.com.cn/sch/schoolInfo--schId-368502.dhtml"
"贵州医科大学","贵州","贵州省","","https://yz.chsi.com.cn/sch/schoolInfo--schId-368500.dhtml"
"遵义医科大学","贵州","贵州省","","https://yz.chsi.com.cn/sch/schoolInfo--schId-368499.dhtml"
"贵州中医药大学","贵州","贵州省","","https://yz.chsi.com.cn/sch/schoolInfo--schId-368501.dhtml"
"贵州师范大学","贵州","贵州省","","https://yz.chsi.com.cn/sch/schoolInfo--schId-368495.dhtml"
"遵义师范学院","贵州","贵州省","","https://yz.chsi.com.cn/sch/schoolInfo--schId-3274413086.dhtml"
"铜仁学院","贵州","贵州省","","https://yz.chsi.com.cn/sch/schoolInfo--schId-2807892212.dhtml"
"黔南民族师范学院","贵州","贵州省","","https://yz.chsi.com.cn/sch/schoolInfo--schId-302968430.dhtml"
"贵州财经大学","贵州","贵州省","","https://yz.chsi.com.cn/sch/schoolInfo--schId-368498.dhtml"
"贵州民族大学","贵州","贵州省","","https://yz.chsi.com.cn/sch/schoolInfo--schId-678581.dhtml"
"贵阳学院","贵州","贵州省","","https://yz.chsi.com.cn/sch/schoolInfo--schId-2125733175.dhtml"
"贵州师范学院","贵州","贵州省","","https://yz.chsi.com.cn/sch/schoolInfo--schId-3274414450.dhtml"
"中国航天科工集团第十研究院","贵州","工业与信息化部","","https://yz.chsi.com.cn/sch/schoolInfo--schId-368496.dhtml"
"云南大学","云南","云南省","双一流","https://yz.chsi.com.cn/sch/schoolInfo--schId-368520.dhtml"
"昆明理工大学","云南","云南省","","https://yz.chsi.com.cn/sch/schoolInfo--schId-368512.dhtml"
"云南农业大学","云南","云南省","","https://yz.chsi.com.cn/sch/schoolInfo--schId-368517.dhtml"
"西南林业大学","云南","云南省","","https://yz.chsi.com.cn/sch/schoolInfo--schId-368516.dhtml"
"昆明医科大学","云南","云南省","","https://yz.chsi.com.cn/sch/schoolInfo--schId-368515.dhtml"
"大理大学","云南","云南省","","https://yz.chsi.com.cn/sch/schoolInfo--schId-368514.dhtml"
"云南中医药大学","云南","云南省","","https://yz.chsi.com.cn/sch/schoolInfo--schId-368513.dhtml"
"云南师范大学","云南","云南省","","https://yz.chsi.com.cn/sch/schoolInfo--schId-368518.dhtml"
"曲靖师范学院","云南","云南省","","https://yz.chsi.com.cn/sch/schoolInfo--schId-3274413157.dhtml"
"红河学院","云南","云南省","","https://yz.chsi.com.cn/sch/schoolInfo--schId-3274413229.dhtml"
"云南财经大学","云南","云南省","","https://yz.chsi.com.cn/sch/schoolInfo--schId-368511.dhtml"
"云南艺术学院","云南","云南省","","https://yz.chsi.com.cn/sch/schoolInfo--schId-368504.dhtml"
"云南民族大学","云南","云南省","","https://yz.chsi.com.cn/sch/schoolInfo--schId-368510.dhtml"
"玉溪师范学院","云南","云南省","","https://yz.chsi.com.cn/sch/schoolInfo--schId-3274414092.dhtml"
"云南警官学院","云南","云南省","","https://yz.chsi.com.cn/sch/schoolInfo--schId-499721975.dhtml"
"昆明学院","云南","云南省","","https://yz.chsi.com.cn/sch/schoolInfo--schId-2125725192.dhtml"
"中国兵器科学研究院(昆明物理研究所)","云南","工业与信息化部","","https://yz.chsi.com.cn/sch/schoolInfo--schId-368506.dhtml"
"昆明贵金属研究所","云南","转制科研单位","","https://yz.chsi.com.cn/sch/schoolInfo--schId-368505.dhtml"
"西藏农牧大学","西藏","西藏自治区","","https://yz.chsi.com.cn/sch/schoolInfo--schId-2107935185.dhtml"
"西藏大学","西藏","西藏自治区","双一流","https://yz.chsi.com.cn/sch/schoolInfo--schId-368521.dhtml"
"西藏民族大学","西藏","西藏自治区","","https://yz.chsi.com.cn/sch/schoolInfo--schId-368522.dhtml"
"西藏藏医药大学","西藏","西藏自治区","","https://yz.chsi.com.cn/sch/schoolInfo--schId-368523.dhtml"
"西北大学","陕西","陕西省","双一流","https://yz.chsi.com.cn/sch/schoolInfo--schId-368552.dhtml"
"西安交通大学","陕西","教育部","985/211/双一流","https://yz.chsi.com.cn/sch/schoolInfo--schId-368554.dhtml"
"西北工业大学","陕西","工业与信息化部","985/211/双一流","https://yz.chsi.com.cn/sch/schoolInfo--schId-368555.dhtml"
"西安理工大学","陕西","陕西省","","https://yz.chsi.com.cn/sch/schoolInfo--schId-368556.dhtml"
"西安电子科技大学","陕西","教育部","双一流","https://yz.chsi.com.cn/sch/schoolInfo--schId-368557.dhtml"
"西安工业大学","陕西","陕西省","","https://yz.chsi.com.cn/sch/schoolInfo--schId-368558.dhtml"
"西安建筑科技大学","陕西","陕西省","","https://yz.chsi.com.cn/sch/schoolInfo--schId-368559.dhtml"
"西安科技大学","陕西","陕西省","","https://yz.chsi.com.cn/sch/schoolInfo--schId-368560.dhtml"
"西安石油大学","陕西","陕西省","","https://yz.chsi.com.cn/sch/schoolInfo--schId-368561.dhtml"
"陕西科技大学","陕西","陕西省","","https://yz.chsi.com.cn/sch/schoolInfo--schId-368562.dhtml"
"西安工程大学","陕西","陕西省","","https://yz.chsi.com.cn/sch/schoolInfo--schId-368563.dhtml"
"长安大学","陕西","教育部","双一流","https://yz.chsi.com.cn/sch/schoolInfo--schId-368566.dhtml"
"西北农林科技大学","陕西","教育部","双一流","https://yz.chsi.com.cn/sch/schoolInfo--schId-368564.dhtml"
"陕西中医药大学","陕西","陕西省","","https://yz.chsi.com.cn/sch/schoolInfo--schId-368565.dhtml"
"陕西师范大学","陕西","教育部","双一流","https://yz.chsi.com.cn/sch/schoolInfo--schId-368568.dhtml"
"延安大学","陕西","陕西省","","https://yz.chsi.com.cn/sch/schoolInfo--schId-368577.dhtml"
"陕西理工大学","陕西","陕西省","","https://yz.chsi.com.cn/sch/schoolInfo--schId-678648.dhtml"
"宝鸡文理学院","陕西","陕西省","","https://yz.chsi.com.cn/sch/schoolInfo--schId-688909399.dhtml"
"咸阳师范学院","陕西","陕西省","","https://yz.chsi.com.cn/sch/schoolInfo--schId-3274413300.dhtml"
"西安外国语大学","陕西","陕西省","","https://yz.chsi.com.cn/sch/schoolInfo--schId-368576.dhtml"
"西北政法大学","陕西","陕西省","","https://yz.chsi.com.cn/sch/schoolInfo--schId-368575.dhtml"
"西安体育学院","陕西","陕西省体育局","","https://yz.chsi.com.cn/sch/schoolInfo--schId-368574.dhtml"
"西安音乐学院","陕西","陕西省","","https://yz.chsi.com.cn/sch/schoolInfo--schId-368573.dhtml"
"西安美术学院","陕西","陕西省","","https://yz.chsi.com.cn/sch/schoolInfo--schId-368572.dhtml"
"西安文理学院","陕西","陕西省","","https://yz.chsi.com.cn/sch/schoolInfo--schId-3274413951.dhtml"
"榆林学院","陕西","陕西省","","https://yz.chsi.com.cn/sch/schoolInfo--schId-2125272831.dhtml"
"商洛学院","陕西","陕西省","","https://yz.chsi.com.cn/sch/schoolInfo--schId-3416381954.dhtml"
"安康学院","陕西","陕西省","","https://yz.chsi.com.cn/sch/schoolInfo--schId-3416382019.dhtml"
"西安财经大学","陕西","陕西省","","https://yz.chsi.com.cn/sch/schoolInfo--schId-679251.dhtml"
"西安邮电大学","陕西","陕西省","","https://yz.chsi.com.cn/sch/schoolInfo--schId-368571.dhtml"
"西安医学院","陕西","陕西省","","https://yz.chsi.com.cn/sch/schoolInfo--schId-302980961.dhtml"
"西京学院","陕西","陕西省","","https://yz.chsi.com.cn/sch/schoolInfo--schId-302981787.dhtml"
"西安热工研究院有限公司","陕西","转制科研单位","","https://yz.chsi.com.cn/sch/schoolInfo--schId-368570.dhtml"
"中国航空研究院(603所)","陕西","工业与信息化部","","https://yz.chsi.com.cn/sch/schoolInfo--schId-368553.dhtml"
"中国航空研究院(623所)","陕西","工业与信息化部","","https://yz.chsi.com.cn/sch/schoolInfo--schId-368536.dhtml"
"中国航空研究院(630所)","陕西","工业与信息化部","","https://yz.chsi.com.cn/sch/schoolInfo--schId-368535.dhtml"
"中国航空研究院(631所)","陕西","工业与信息化部","","https://yz.chsi.com.cn/sch/schoolInfo--schId-368524.dhtml"
"中国航空研究院(618所)","陕西","工业与信息化部","","https://yz.chsi.com.cn/sch/schoolInfo--schId-368533.dhtml"
"中国兵器科学研究院(西安近代化学研究所)","陕西","工业与信息化部","","https://yz.chsi.com.cn/sch/schoolInfo--schId-368537.dhtml"
"中国兵器科学研究院(西安应用光学研究所)","陕西","工业与信息化部","","https://yz.chsi.com.cn/sch/schoolInfo--schId-368531.dhtml"
"中国兵器科学研究院(西安机电信息技术研究所)","陕西","工业与信息化部","","https://yz.chsi.com.cn/sch/schoolInfo--schId-368530.dhtml"
"中国兵器科学研究院(陕西应用物理化学研究所)","陕西","工业与信息化部","","https://yz.chsi.com.cn/sch/schoolInfo--schId-368529.dhtml"
"中国兵器科学研究院(西北机电工程研究所)","陕西","工业与信息化部","","https://yz.chsi.com.cn/sch/schoolInfo--schId-368528.dhtml"
"中国兵器科学研究院(西安现代控制技术研究所)","陕西","工业与信息化部","","https://yz.chsi.com.cn/sch/schoolInfo--schId-368527.dhtml"
"中国兵器科学研究院(西安电子工程研究所)","陕西","工业与信息化部","","https://yz.chsi.com.cn/sch/schoolInfo--schId-368526.dhtml"
"中国航天科工集团第二研究院(16所)","陕西","工业与信息化部","","https://yz.chsi.com.cn/sch/schoolInfo--schId-368525.dhtml"
"航天动力技术研究院","陕西","工业与信息化部","","https://yz.chsi.com.cn/sch/schoolInfo--schId-368532.dhtml"
"中国空间技术研究院(西安分院)","陕西","工业与信息化部","","https://yz.chsi.com.cn/sch/schoolInfo--schId-368538.dhtml"
"西安微电子技术研究所","陕西","工业与信息化部","","https://yz.chsi.com.cn/sch/schoolInfo--schId-368539.dhtml"
"中国航天科技集团有限公司第六研究院第十一研究所","陕西","工业与信息化部","","https://yz.chsi.com.cn/sch/schoolInfo--schId-368551.dhtml"
"电信科学技术第四研究所(西安)","陕西","信息产业部","","https://yz.chsi.com.cn/sch/schoolInfo--schId-368534.dhtml"
"中国舰船研究院(西安精密机械研究所)","陕西","工业与信息化部","","https://yz.chsi.com.cn/sch/schoolInfo--schId-368542.dhtml"
"中共陕西省委党校","陕西","陕西省","","https://yz.chsi.com.cn/sch/schoolInfo--schId-368543.dhtml"
"空军工程大学","陕西","解放军","","https://yz.chsi.com.cn/sch/schoolInfo--schId-368547.dhtml"
"空军军医大学","陕西","解放军","双一流","https://yz.chsi.com.cn/sch/schoolInfo--schId-368546.dhtml"
"火箭军工程大学","陕西","解放军","","https://yz.chsi.com.cn/sch/schoolInfo--schId-368548.dhtml"
"武警工程大学","陕西","解放军","","https://yz.chsi.com.cn/sch/schoolInfo--schId-368540.dhtml"
"西北核技术研究所","陕西","解放军","","https://yz.chsi.com.cn/sch/schoolInfo--schId-368549.dhtml"
"兰州大学","甘肃","教育部","985/211/双一流","https://yz.chsi.com.cn/sch/schoolInfo--schId-368587.dhtml"
"兰州理工大学","甘肃","甘肃省","","https://yz.chsi.com.cn/sch/schoolInfo--schId-368588.dhtml"
"兰州交通大学","甘肃","甘肃省","","https://yz.chsi.com.cn/sch/schoolInfo--schId-368589.dhtml"
"甘肃农业大学","甘肃","甘肃省","","https://yz.chsi.com.cn/sch/schoolInfo--schId-368590.dhtml"
"甘肃中医药大学","甘肃","甘肃省","","https://yz.chsi.com.cn/sch/schoolInfo--schId-368592.dhtml"
"西北师范大学","甘肃","甘肃省","","https://yz.chsi.com.cn/sch/schoolInfo--schId-368593.dhtml"
"兰州城市学院","甘肃","甘肃省","","https://yz.chsi.com.cn/sch/schoolInfo--schId-3274413379.dhtml"
"陇东学院","甘肃","甘肃省","","https://yz.chsi.com.cn/sch/schoolInfo--schId-3274413453.dhtml"
"天水师范大学","甘肃","甘肃省","","https://yz.chsi.com.cn/sch/schoolInfo--schId-499722082.dhtml"
"河西学院","甘肃","甘肃省","","https://yz.chsi.com.cn/sch/schoolInfo--schId-2807891193.dhtml"
"兰州财经大学","甘肃","甘肃省","","https://yz.chsi.com.cn/sch/schoolInfo--schId-368594.dhtml"
"西北民族大学","甘肃","国家民族事务委员会","","https://yz.chsi.com.cn/sch/schoolInfo--schId-368595.dhtml"
"甘肃政法大学","甘肃","甘肃省","","https://yz.chsi.com.cn/sch/schoolInfo--schId-679117.dhtml"
"中国空间技术研究院(510所)","甘肃","工业与信息化部","","https://yz.chsi.com.cn/sch/schoolInfo--schId-368582.dhtml"
"天华化工机械及自动化研究设计院有限公司","甘肃","甘肃省","","https://yz.chsi.com.cn/sch/schoolInfo--schId-368581.dhtml"
"兰州生物制品研究所","甘肃","中国生物制品总公司","","https://yz.chsi.com.cn/sch/schoolInfo--schId-368586.dhtml"
"中国地震局兰州地震研究所","甘肃","中国地震局","","https://yz.chsi.com.cn/sch/schoolInfo--schId-368580.dhtml"
"青海大学","青海","青海省","双一流","https://yz.chsi.com.cn/sch/schoolInfo--schId-368600.dhtml"
"青海师范大学","青海","青海省","","https://yz.chsi.com.cn/sch/schoolInfo--schId-368596.dhtml"
"青海民族大学","青海","青海省","","https://yz.chsi.com.cn/sch/schoolInfo--schId-368598.dhtml"
"宁夏大学","宁夏","宁夏回族自治区","双一流","https://yz.chsi.com.cn/sch/schoolInfo--schId-368602.dhtml"
"宁夏医科大学","宁夏","宁夏回族自治区","","https://yz.chsi.com.cn/sch/schoolInfo--schId-368603.dhtml"
"宁夏师范大学","宁夏","宁夏回族自治区","","https://yz.chsi.com.cn/sch/schoolInfo--schId-499722211.dhtml"
"北方民族大学","宁夏","国家民族事务委员会","","https://yz.chsi.com.cn/sch/schoolInfo--schId-368604.dhtml"
"宁夏理工学院","宁夏","宁夏回族自治区","","https://yz.chsi.com.cn/sch/schoolInfo--schId-3073143814.dhtml"
"新疆大学","新疆","新疆维吾尔自治区","双一流","https://yz.chsi.com.cn/sch/schoolInfo--schId-368613.dhtml"
"塔里木大学","新疆","新疆生产建设兵团","","https://yz.chsi.com.cn/sch/schoolInfo--schId-368612.dhtml"
"新疆农业大学","新疆","新疆维吾尔自治区","","https://yz.chsi.com.cn/sch/schoolInfo--schId-368611.dhtml"
"石河子大学","新疆","新疆生产建设兵团","双一流","https://yz.chsi.com.cn/sch/schoolInfo--schId-368610.dhtml"
"新疆医科大学","新疆","新疆维吾尔自治区","","https://yz.chsi.com.cn/sch/schoolInfo--schId-368615.dhtml"
"新疆师范大学","新疆","新疆维吾尔自治区","","https://yz.chsi.com.cn/sch/schoolInfo--schId-368606.dhtml"
"喀什大学","新疆","新疆维吾尔自治区","","https://yz.chsi.com.cn/sch/schoolInfo--schId-368609.dhtml"
"伊犁师范大学","新疆","新疆维吾尔自治区","","https://yz.chsi.com.cn/sch/schoolInfo--schId-678715.dhtml"
"新疆财经大学","新疆","新疆维吾尔自治区","","https://yz.chsi.com.cn/sch/schoolInfo--schId-368608.dhtml"
"新疆艺术学院","新疆","新疆维吾尔自治区","","https://yz.chsi.com.cn/sch/schoolInfo--schId-688909475.dhtml"
"昌吉学院","新疆","新疆维吾尔自治区","","https://yz.chsi.com.cn/sch/schoolInfo--schId-499723211.dhtml"
