school,year,title,imageUrl,sourceUrl
"吉林大学","2026","2026年吉林大学硕士研究生招生考试考生进入复试的初试成绩基本要求","https://t2.chei.com.cn/news/img/2293452071.png","https://yz.chsi.com.cn/kyzx/fsfsx34/202603/20260318/2293452070.html"
"吉林大学","2026","2026年吉林大学硕士研究生招生考试考生进入复试的初试成绩基本要求","https://t3.chei.com.cn/news/img/2293452072.jpeg","https://yz.chsi.com.cn/kyzx/fsfsx34/202603/20260318/2293452070.html"
"吉林大学","2026","2026年吉林大学硕士研究生招生考试考生进入复试的初试成绩基本要求","https://t1.chei.com.cn/news/img/2293452073.png","https://yz.chsi.com.cn/kyzx/fsfsx34/202603/20260318/2293452070.html"
"中国农业大学","2026","中国农业大学2026年硕士研究生招生考试复试基本分数线","https://t1.chei.com.cn/news/img/2293452067.png","https://yz.chsi.com.cn/kyzx/fsfsx34/202603/20260318/2293452066.html"
"复旦大学","2026","复旦大学2026年硕士研究生招生考试考生进入复试的初试成绩基本要求","https://t4.chei.com.cn/news/img/2293450582.png","https://yz.chsi.com.cn/kyzx/fsfsx34/202603/20260317/2293450581.html"
"复旦大学","2026","复旦大学2026年硕士研究生招生考试考生进入复试的初试成绩基本要求","https://t4.chei.com.cn/news/img/2293450583.png","https://yz.chsi.com.cn/kyzx/fsfsx34/202603/20260317/2293450581.html"
"复旦大学","2026","复旦大学2026年硕士研究生招生考试考生进入复试的初试成绩基本要求","https://t4.chei.com.cn/news/img/2293450584.png","https://yz.chsi.com.cn/kyzx/fsfsx34/202603/20260317/2293450581.html"
"复旦大学","2026","复旦大学2026年硕士研究生招生考试考生进入复试的初试成绩基本要求","https://t2.chei.com.cn/news/img/2293450585.png","https://yz.chsi.com.cn/kyzx/fsfsx34/202603/20260317/2293450581.html"
"复旦大学","2026","复旦大学2026年硕士研究生招生考试考生进入复试的初试成绩基本要求","https://t3.chei.com.cn/news/img/2293450586.png","https://yz.chsi.com.cn/kyzx/fsfsx34/202603/20260317/2293450581.html"
"中南大学","2026","中南大学2026年全国硕士研究生招生考试考生进入复试的初试成绩基本要求","https://t3.chei.com.cn/news/img/2293450534.png","https://yz.chsi.com.cn/kyzx/fsfsx34/202603/20260317/2293450533.html"
"兰州大学","2026","兰州大学2026年硕士研究生招生复试基本分数线","https://t4.chei.com.cn/news/img/2293450518.jpg","https://yz.chsi.com.cn/kyzx/fsfsx34/202603/20260317/2293450517.html"
"兰州大学","2026","兰州大学2026年硕士研究生招生复试基本分数线","https://t4.chei.com.cn/news/img/2293450519.png","https://yz.chsi.com.cn/kyzx/fsfsx34/202603/20260317/2293450517.html"
"兰州大学","2026","兰州大学2026年硕士研究生招生复试基本分数线","https://t1.chei.com.cn/news/img/2293450520.png","https://yz.chsi.com.cn/kyzx/fsfsx34/202603/20260317/2293450517.html"
"上海交通大学","2026","上海交通大学2026年硕士研究生入学考试复试基本分数线","https://t1.chei.com.cn/news/img/2293450496.png","https://yz.chsi.com.cn/kyzx/fsfsx34/202603/20260316/2293450495.html"
"上海交通大学","2026","上海交通大学2026年硕士研究生入学考试复试基本分数线","https://t2.chei.com.cn/news/img/2293450497.png","https://yz.chsi.com.cn/kyzx/fsfsx34/202603/20260316/2293450495.html"
"上海交通大学","2026","上海交通大学2026年硕士研究生入学考试复试基本分数线","https://t2.chei.com.cn/news/img/2293450498.png","https://yz.chsi.com.cn/kyzx/fsfsx34/202603/20260316/2293450495.html"
"北京理工大学","2026","北京理工大学2026年硕士研究生招生考试复试基本分数线","https://t1.chei.com.cn/news/img/2293450428.jpg","https://yz.chsi.com.cn/kyzx/fsfsx34/202603/20260316/2293450427.html"
"华中科技大学","2026","华中科技大学2026年硕士研究生招生考试复试基本分数要求","https://t1.chei.com.cn/news/img/2293450424.png","https://yz.chsi.com.cn/kyzx/fsfsx34/202603/20260316/2293450423.html"
"华中科技大学","2026","华中科技大学2026年硕士研究生招生考试复试基本分数要求","https://t4.chei.com.cn/news/img/2293450425.png","https://yz.chsi.com.cn/kyzx/fsfsx34/202603/20260316/2293450423.html"
"华中科技大学","2026","华中科技大学2026年硕士研究生招生考试复试基本分数要求","https://t4.chei.com.cn/news/img/2293450426.png","https://yz.chsi.com.cn/kyzx/fsfsx34/202603/20260316/2293450423.html"
"同济大学","2026","同济大学2026年全国硕士研究生招生考试考生进入复试的初试成绩基本要求","https://t4.chei.com.cn/news/img/2293450398.png","https://yz.chsi.com.cn/kyzx/fsfsx34/202603/20260316/2293450397.html"
"同济大学","2026","同济大学2026年全国硕士研究生招生考试考生进入复试的初试成绩基本要求","https://t4.chei.com.cn/news/img/2293450399.png","https://yz.chsi.com.cn/kyzx/fsfsx34/202603/20260316/2293450397.html"
"同济大学","2026","同济大学2026年全国硕士研究生招生考试考生进入复试的初试成绩基本要求","https://t4.chei.com.cn/news/img/2293450400.png","https://yz.chsi.com.cn/kyzx/fsfsx34/202603/20260316/2293450397.html"
"同济大学","2026","同济大学2026年全国硕士研究生招生考试考生进入复试的初试成绩基本要求","https://t3.chei.com.cn/news/img/2293450401.png","https://yz.chsi.com.cn/kyzx/fsfsx34/202603/20260316/2293450397.html"
"武汉大学","2026","武汉大学2026年硕士研究生招生考试复试基本分数线","https://t4.chei.com.cn/news/img/2293451722.png","https://yz.chsi.com.cn/kyzx/fsfsx34/202603/20260316/2293451720.html"
"武汉大学","2026","武汉大学2026年硕士研究生招生考试复试基本分数线","https://t1.chei.com.cn/news/img/2293451723.png","https://yz.chsi.com.cn/kyzx/fsfsx34/202603/20260316/2293451720.html"
"武汉大学","2026","武汉大学2026年硕士研究生招生考试复试基本分数线","https://t1.chei.com.cn/news/img/2293451724.png","https://yz.chsi.com.cn/kyzx/fsfsx34/202603/20260316/2293451720.html"
"武汉大学","2026","武汉大学2026年硕士研究生招生考试复试基本分数线","https://t2.chei.com.cn/news/img/2293451725.png","https://yz.chsi.com.cn/kyzx/fsfsx34/202603/20260316/2293451720.html"
"武汉大学","2026","武汉大学2026年硕士研究生招生考试复试基本分数线","https://t2.chei.com.cn/news/img/2293451726.png","https://yz.chsi.com.cn/kyzx/fsfsx34/202603/20260316/2293451720.html"
"武汉大学","2026","武汉大学2026年硕士研究生招生考试复试基本分数线","https://t1.chei.com.cn/news/img/2293451727.png","https://yz.chsi.com.cn/kyzx/fsfsx34/202603/20260316/2293451720.html"
"武汉大学","2026","武汉大学2026年硕士研究生招生考试复试基本分数线","https://t2.chei.com.cn/news/img/2293451728.png","https://yz.chsi.com.cn/kyzx/fsfsx34/202603/20260316/2293451720.html"
"重庆大学","2026","重庆大学2026年硕士研究生招生考试初试合格基本分数线","https://t3.chei.com.cn/news/img/2293451718.png","https://yz.chsi.com.cn/kyzx/fsfsx34/202603/20260316/2293451717.html"
"电子科技大学","2026","2026年电子科技大学全国硕士研究生招生考试初试成绩基本要求","https://t3.chei.com.cn/news/img/2293451715.png","https://yz.chsi.com.cn/kyzx/fsfsx34/202603/20260316/2293451714.html"
"电子科技大学","2026","2026年电子科技大学全国硕士研究生招生考试初试成绩基本要求","https://t3.chei.com.cn/news/img/2293451716.png","https://yz.chsi.com.cn/kyzx/fsfsx34/202603/20260316/2293451714.html"
"东南大学","2026","东南大学2026年硕士研究生复试基本线","https://t3.chei.com.cn/news/img/2293451709.png","https://yz.chsi.com.cn/kyzx/fsfsx34/202603/20260316/2293451708.html"
"东南大学","2026","东南大学2026年硕士研究生复试基本线","https://t3.chei.com.cn/news/img/2293451710.png","https://yz.chsi.com.cn/kyzx/fsfsx34/202603/20260316/2293451708.html"
"东南大学","2026","东南大学2026年硕士研究生复试基本线","https://t1.chei.com.cn/news/img/2293451711.png","https://yz.chsi.com.cn/kyzx/fsfsx34/202603/20260316/2293451708.html"
"东南大学","2026","东南大学2026年硕士研究生复试基本线","https://t1.chei.com.cn/news/img/2293451712.png","https://yz.chsi.com.cn/kyzx/fsfsx34/202603/20260316/2293451708.html"
"东南大学","2026","东南大学2026年硕士研究生复试基本线","https://t1.chei.com.cn/news/img/2293451713.png","https://yz.chsi.com.cn/kyzx/fsfsx34/202603/20260316/2293451708.html"
"大连理工大学","2026","大连理工大学2026年全国硕士研究生招生考试考生进入复试的初试成绩基本要求","https://t1.chei.com.cn/news/img/2293451706.png","https://yz.chsi.com.cn/kyzx/fsfsx34/202603/20260316/2293451705.html"
"大连理工大学","2026","大连理工大学2026年全国硕士研究生招生考试考生进入复试的初试成绩基本要求","https://t3.chei.com.cn/news/img/2293451707.png","https://yz.chsi.com.cn/kyzx/fsfsx34/202603/20260316/2293451705.html"
"四川大学","2026","四川大学2026年硕士研究生招生考试考生进入复试的初试成绩基本要求","https://t3.chei.com.cn/news/img/2293451702.png","https://yz.chsi.com.cn/kyzx/fsfsx34/202603/20260316/2293451701.html"
"四川大学","2026","四川大学2026年硕士研究生招生考试考生进入复试的初试成绩基本要求","https://t1.chei.com.cn/news/img/2293451703.png","https://yz.chsi.com.cn/kyzx/fsfsx34/202603/20260316/2293451701.html"
"四川大学","2026","四川大学2026年硕士研究生招生考试考生进入复试的初试成绩基本要求","https://t1.chei.com.cn/news/img/2293451704.png","https://yz.chsi.com.cn/kyzx/fsfsx34/202603/20260316/2293451701.html"
"华南理工大学","2026","华南理工大学2026年硕士研究生招生考试考生进入复试的初试成绩基本要求","https://t4.chei.com.cn/news/img/2293451700.png","https://yz.chsi.com.cn/kyzx/fsfsx34/202603/20260316/2293451699.html"
"山东大学","2026","山东大学2026年硕士研究生招生考试考生进入复试的初试成绩基本要求","https://t1.chei.com.cn/news/img/2293451695.png","https://yz.chsi.com.cn/kyzx/fsfsx34/202603/20260316/2293451694.html"
"山东大学","2026","山东大学2026年硕士研究生招生考试考生进入复试的初试成绩基本要求","https://t4.chei.com.cn/news/img/2293451696.png","https://yz.chsi.com.cn/kyzx/fsfsx34/202603/20260316/2293451694.html"
"山东大学","2026","山东大学2026年硕士研究生招生考试考生进入复试的初试成绩基本要求","https://t2.chei.com.cn/news/img/2293451697.png","https://yz.chsi.com.cn/kyzx/fsfsx34/202603/20260316/2293451694.html"
"山东大学","2026","山东大学2026年硕士研究生招生考试考生进入复试的初试成绩基本要求","https://t4.chei.com.cn/news/img/2293451698.png","https://yz.chsi.com.cn/kyzx/fsfsx34/202603/20260316/2293451694.html"
"厦门大学","2026","厦门大学2026年硕士研究生复试基本分数线","https://t4.chei.com.cn/news/img/2293451691.png","https://yz.chsi.com.cn/kyzx/fsfsx34/202603/20260316/2293451690.html"
"北京航空航天大学","2026","北京航空航天大学2026年硕士研究生初试成绩基本要求","https://t3.chei.com.cn/news/img/2293451687.png","https://yz.chsi.com.cn/kyzx/fsfsx34/202603/20260316/2293451686.html"
"东北大学","2026","东北大学2026年硕士研究生招生考试考生进入复试的初试成绩基本要求","https://t2.chei.com.cn/news/img/2293451678.png","https://yz.chsi.com.cn/kyzx/fsfsx34/202603/20260316/2293451677.html"
"东北大学","2026","东北大学2026年硕士研究生招生考试考生进入复试的初试成绩基本要求","https://t4.chei.com.cn/news/img/2293451679.png","https://yz.chsi.com.cn/kyzx/fsfsx34/202603/20260316/2293451677.html"
"东北大学","2026","东北大学2026年硕士研究生招生考试考生进入复试的初试成绩基本要求","https://t4.chei.com.cn/news/img/2293451680.jpg","https://yz.chsi.com.cn/kyzx/fsfsx34/202603/20260316/2293451677.html"
"东北大学","2026","东北大学2026年硕士研究生招生考试考生进入复试的初试成绩基本要求","https://t1.chei.com.cn/news/img/2293451681.png","https://yz.chsi.com.cn/kyzx/fsfsx34/202603/20260316/2293451677.html"
"湖南大学","2026","湖南大学2026年硕士研究生招生复试基本分数线","https://t3.chei.com.cn/news/img/2293451673.png","https://yz.chsi.com.cn/kyzx/fsfsx34/202603/20260316/2293451672.html"
"湖南大学","2026","湖南大学2026年硕士研究生招生复试基本分数线","https://t1.chei.com.cn/news/img/2293451674.png","https://yz.chsi.com.cn/kyzx/fsfsx34/202603/20260316/2293451672.html"
"中国科学技术大学","2026","中国科学技术大学2026年硕士研究生招生考试复试基本分数线","https://t1.chei.com.cn/news/img/2293451670.png","https://yz.chsi.com.cn/kyzx/fsfsx34/202603/20260316/2293451669.html"
"哈尔滨工业大学","2026","哈尔滨工业大学2026年硕士研究生招生考试复试基本线","https://t1.chei.com.cn/news/img/2293451665.png","https://yz.chsi.com.cn/kyzx/fsfsx34/202603/20260316/2293451664.html"
"西北工业大学","2026","西北工业大学2026年硕士研究生入学考试复试基本分数线","https://t1.chei.com.cn/news/img/2293451663.png","https://yz.chsi.com.cn/kyzx/fsfsx34/202603/20260316/2293451662.html"
"中国人民大学","2026","中国人民大学2026年硕士研究生招生考试考生进入复试的初试成绩基本要求","https://t3.chei.com.cn/news/img/2293451659.png","https://yz.chsi.com.cn/kyzx/fsfsx34/202603/20260316/2293451658.html"
"中国人民大学","2026","中国人民大学2026年硕士研究生招生考试考生进入复试的初试成绩基本要求","https://t2.chei.com.cn/news/img/2293451660.png","https://yz.chsi.com.cn/kyzx/fsfsx34/202603/20260316/2293451658.html"
"中国人民大学","2026","中国人民大学2026年硕士研究生招生考试考生进入复试的初试成绩基本要求","https://t2.chei.com.cn/news/img/2293450437.png","https://yz.chsi.com.cn/kyzx/fsfsx34/202603/20260316/2293451658.html"
"中国人民大学","2026","中国人民大学2026年硕士研究生招生考试考生进入复试的初试成绩基本要求","https://t4.chei.com.cn/news/img/2293451661.png","https://yz.chsi.com.cn/kyzx/fsfsx34/202603/20260316/2293451658.html"
"南京大学","2026","南京大学2026年硕士研究生招生考试复试基本分数线","https://t1.chei.com.cn/news/img/2293451655.png","https://yz.chsi.com.cn/kyzx/fsfsx34/202603/20260316/2293451654.html"
"南京大学","2026","南京大学2026年硕士研究生招生考试复试基本分数线","https://t1.chei.com.cn/news/img/2293451656.png","https://yz.chsi.com.cn/kyzx/fsfsx34/202603/20260316/2293451654.html"
"南京大学","2026","南京大学2026年硕士研究生招生考试复试基本分数线","https://t4.chei.com.cn/news/img/2293450439.png","https://yz.chsi.com.cn/kyzx/fsfsx34/202603/20260316/2293451654.html"
"南京大学","2026","南京大学2026年硕士研究生招生考试复试基本分数线","https://t3.chei.com.cn/news/img/2293451657.png","https://yz.chsi.com.cn/kyzx/fsfsx34/202603/20260316/2293451654.html"
"天津大学","2026","天津大学2026年硕士研究生招生考试初试进入复试基本分数要求","https://t4.chei.com.cn/news/img/2293451650.jpg","https://yz.chsi.com.cn/kyzx/fsfsx34/202603/20260316/2293451649.html"
"天津大学","2026","天津大学2026年硕士研究生招生考试初试进入复试基本分数要求","https://t4.chei.com.cn/news/img/2293451651.jpg","https://yz.chsi.com.cn/kyzx/fsfsx34/202603/20260316/2293451649.html"
"天津大学","2026","天津大学2026年硕士研究生招生考试初试进入复试基本分数要求","https://t3.chei.com.cn/news/img/2293451652.jpg","https://yz.chsi.com.cn/kyzx/fsfsx34/202603/20260316/2293451649.html"
"浙江大学","2026","2026年浙江大学硕士研究生招生考试复试分数线基本要求","https://t1.chei.com.cn/news/img/2293451646.png","https://yz.chsi.com.cn/kyzx/fsfsx34/202603/20260316/2293451645.html"
"浙江大学","2026","2026年浙江大学硕士研究生招生考试复试分数线基本要求","https://t2.chei.com.cn/news/img/2293451647.png","https://yz.chsi.com.cn/kyzx/fsfsx34/202603/20260316/2293451645.html"
"浙江大学","2026","2026年浙江大学硕士研究生招生考试复试分数线基本要求","https://t3.chei.com.cn/news/img/2293451648.png","https://yz.chsi.com.cn/kyzx/fsfsx34/202603/20260316/2293451645.html"
"中山大学","2026","中山大学2026年硕士研究生招生考试复试基本分数线","https://t1.chei.com.cn/news/img/2293451644.png","https://yz.chsi.com.cn/kyzx/fsfsx34/202603/20260316/2293451641.html"
"中山大学","2026","中山大学2026年硕士研究生招生考试复试基本分数线","https://t4.chei.com.cn/news/img/2293451643.png","https://yz.chsi.com.cn/kyzx/fsfsx34/202603/20260316/2293451641.html"
"南开大学","2026","南开大学2026年全国硕士研究生招生考试考生进入复试的初试成绩基本要求","https://t4.chei.com.cn/news/img/2293451585.jpg","https://yz.chsi.com.cn/kyzx/fsfsx34/202603/20260313/2293451584.html"
"南开大学","2026","南开大学2026年全国硕士研究生招生考试考生进入复试的初试成绩基本要求","https://t3.chei.com.cn/news/img/2293451586.jpg","https://yz.chsi.com.cn/kyzx/fsfsx34/202603/20260313/2293451584.html"
"西安交通大学","2026","西安交通大学2026年硕士研究生招生复试基本分数线","https://t2.chei.com.cn/news/img/2293451583.png","https://yz.chsi.com.cn/kyzx/fsfsx34/202603/20260313/2293451582.html"
"北京师范大学","2026","北京师范大学2026年硕士研究生招生学校复试基本分数线","https://t1.chei.com.cn/news/img/2293451576.png","https://yz.chsi.com.cn/kyzx/fsfsx34/202603/20260313/2293451575.html"
"北京师范大学","2026","北京师范大学2026年硕士研究生招生学校复试基本分数线","https://t1.chei.com.cn/news/img/2293451577.png","https://yz.chsi.com.cn/kyzx/fsfsx34/202603/20260313/2293451575.html"
"北京师范大学","2026","北京师范大学2026年硕士研究生招生学校复试基本分数线","https://t1.chei.com.cn/news/img/2293451578.png","https://yz.chsi.com.cn/kyzx/fsfsx34/202603/20260313/2293451575.html"
"北京师范大学","2026","北京师范大学2026年硕士研究生招生学校复试基本分数线","https://t1.chei.com.cn/news/img/2293451579.png","https://yz.chsi.com.cn/kyzx/fsfsx34/202603/20260313/2293451575.html"
"北京师范大学","2026","北京师范大学2026年硕士研究生招生学校复试基本分数线","https://t4.chei.com.cn/news/img/2293451580.png","https://yz.chsi.com.cn/kyzx/fsfsx34/202603/20260313/2293451575.html"
"北京师范大学","2026","北京师范大学2026年硕士研究生招生学校复试基本分数线","https://t4.chei.com.cn/news/img/2293451581.png","https://yz.chsi.com.cn/kyzx/fsfsx34/202603/20260313/2293451575.html"
"清华大学","2026","清华大学2026年硕士研究生招生复试基本分数线","https://t4.chei.com.cn/news/img/2293450321.png","https://yz.chsi.com.cn/kyzx/fsfsx34/202603/20260313/2293450320.html"
"北京大学","2026","北京大学2026年硕士研究生招生复试基本分数线","https://t2.chei.com.cn/news/img/2293450317.png","https://yz.chsi.com.cn/kyzx/fsfsx34/202603/20260313/2293450316.html"
"北京大学","2026","北京大学2026年硕士研究生招生复试基本分数线","https://t1.chei.com.cn/news/img/2293450318.jpg","https://yz.chsi.com.cn/kyzx/fsfsx34/202603/20260313/2293450316.html"
"北京大学","2026","北京大学2026年硕士研究生招生复试基本分数线","https://t4.chei.com.cn/news/img/2293450319.png","https://yz.chsi.com.cn/kyzx/fsfsx34/202603/20260313/2293450316.html"
"湖南大学","2025","湖南大学2025年硕士研究生招生复试基本分数线","https://t4.chei.com.cn/news/img/2293363540.jpg","https://yz.chsi.com.cn/kyzx/fsfsx34/202503/20250318/2293363539.html"
"湖南大学","2025","湖南大学2025年硕士研究生招生复试基本分数线","https://t1.chei.com.cn/news/img/2293363541.jpg","https://yz.chsi.com.cn/kyzx/fsfsx34/202503/20250318/2293363539.html"
"湖南大学","2025","湖南大学2025年硕士研究生招生复试基本分数线","https://t4.chei.com.cn/news/img/2293363542.jpg","https://yz.chsi.com.cn/kyzx/fsfsx34/202503/20250318/2293363539.html"
"兰州大学","2025","兰州大学2025年硕士研究生招生复试基本分数线","https://t1.chei.com.cn/news/img/2293363155.jpg","https://yz.chsi.com.cn/kyzx/fsfsx34/202503/20250315/2293363154.html"
"兰州大学","2025","兰州大学2025年硕士研究生招生复试基本分数线","https://t1.chei.com.cn/news/img/2293363156.jpg","https://yz.chsi.com.cn/kyzx/fsfsx34/202503/20250315/2293363154.html"
"兰州大学","2025","兰州大学2025年硕士研究生招生复试基本分数线","https://t2.chei.com.cn/news/img/2293363157.jpg","https://yz.chsi.com.cn/kyzx/fsfsx34/202503/20250315/2293363154.html"
"华中科技大学","2025","华中科技大学2025年硕士研究生招生考试复试基本分数要求","https://t3.chei.com.cn/news/img/2293363147.jpg","https://yz.chsi.com.cn/kyzx/fsfsx34/202503/20250315/2293363146.html"
"华中科技大学","2025","华中科技大学2025年硕士研究生招生考试复试基本分数要求","https://t3.chei.com.cn/news/img/2293363148.jpg","https://yz.chsi.com.cn/kyzx/fsfsx34/202503/20250315/2293363146.html"
"华中科技大学","2025","华中科技大学2025年硕士研究生招生考试复试基本分数要求","https://t3.chei.com.cn/news/img/2293363149.jpg","https://yz.chsi.com.cn/kyzx/fsfsx34/202503/20250315/2293363146.html"
"中国人民大学","2025","中国人民大学2025年硕士研究生招生考试考生进入复试的初试成绩基本要求","https://t4.chei.com.cn/news/img/2293363142.jpg","https://yz.chsi.com.cn/kyzx/fsfsx34/202503/20250315/2293363141.html"
"中国人民大学","2025","中国人民大学2025年硕士研究生招生考试考生进入复试的初试成绩基本要求","https://t1.chei.com.cn/news/img/2293363143.jpg","https://yz.chsi.com.cn/kyzx/fsfsx34/202503/20250315/2293363141.html"
"中国人民大学","2025","中国人民大学2025年硕士研究生招生考试考生进入复试的初试成绩基本要求","https://t2.chei.com.cn/news/img/2293363144.jpg","https://yz.chsi.com.cn/kyzx/fsfsx34/202503/20250315/2293363141.html"
"中国人民大学","2025","中国人民大学2025年硕士研究生招生考试考生进入复试的初试成绩基本要求","https://t4.chei.com.cn/news/img/2293363145.jpg","https://yz.chsi.com.cn/kyzx/fsfsx34/202503/20250315/2293363141.html"
"中南大学","2025","中南大学2025年全国硕士研究生招生考试考生进入复试的初试成绩基本要求","https://t1.chei.com.cn/news/img/2293363139.png","https://yz.chsi.com.cn/kyzx/fsfsx34/202503/20250315/2293363138.html"
"电子科技大学","2025","2025年电子科技大学全国硕士研究生招生考试初试成绩基本要求","https://t2.chei.com.cn/news/img/2293363135.jpg","https://yz.chsi.com.cn/kyzx/fsfsx34/202503/20250315/2293363134.html"
"电子科技大学","2025","2025年电子科技大学全国硕士研究生招生考试初试成绩基本要求","https://t4.chei.com.cn/news/img/2293363136.jpg","https://yz.chsi.com.cn/kyzx/fsfsx34/202503/20250315/2293363134.html"
"东南大学","2025","东南大学2025年硕士研究生复试基本线","https://t2.chei.com.cn/news/img/2293363043.png","https://yz.chsi.com.cn/kyzx/fsfsx34/202503/20250314/2293363042.html"
"东南大学","2025","东南大学2025年硕士研究生复试基本线","https://t2.chei.com.cn/news/img/2293363044.jpg","https://yz.chsi.com.cn/kyzx/fsfsx34/202503/20250314/2293363042.html"
"东南大学","2025","东南大学2025年硕士研究生复试基本线","https://t4.chei.com.cn/news/img/2293363045.jpg","https://yz.chsi.com.cn/kyzx/fsfsx34/202503/20250314/2293363042.html"
"东南大学","2025","东南大学2025年硕士研究生复试基本线","https://t1.chei.com.cn/news/img/2293363046.png","https://yz.chsi.com.cn/kyzx/fsfsx34/202503/20250314/2293363042.html"
"南开大学","2025","南开大学2025年全国硕士研究生招生考试考生进入复试的初试成绩基本要求","https://t2.chei.com.cn/news/img/2293362931.jpg","https://yz.chsi.com.cn/kyzx/fsfsx34/202503/20250314/2293362930.html"
"南开大学","2025","南开大学2025年全国硕士研究生招生考试考生进入复试的初试成绩基本要求","https://t3.chei.com.cn/news/img/2293362932.jpg","https://yz.chsi.com.cn/kyzx/fsfsx34/202503/20250314/2293362930.html"
"南京大学","2025","南京大学2025年硕士研究生招生考试复试基本分数线","https://t3.chei.com.cn/news/img/2293362924.png","https://yz.chsi.com.cn/kyzx/fsfsx34/202503/20250314/2293362923.html"
"南京大学","2025","南京大学2025年硕士研究生招生考试复试基本分数线","https://t3.chei.com.cn/news/img/2293362925.png","https://yz.chsi.com.cn/kyzx/fsfsx34/202503/20250314/2293362923.html"
"南京大学","2025","南京大学2025年硕士研究生招生考试复试基本分数线","https://t4.chei.com.cn/news/img/2293362926.png","https://yz.chsi.com.cn/kyzx/fsfsx34/202503/20250314/2293362923.html"
"南京大学","2025","南京大学2025年硕士研究生招生考试复试基本分数线","https://t1.chei.com.cn/news/img/2293362927.png","https://yz.chsi.com.cn/kyzx/fsfsx34/202503/20250314/2293362923.html"
"西北工业大学","2025","西北工业大学2025年硕士研究生入学考试复试基本分数线","https://t1.chei.com.cn/news/img/2293362920.png","https://yz.chsi.com.cn/kyzx/fsfsx34/202503/20250314/2293362919.html"
"重庆大学","2025","重庆大学2025年硕士研究生招生考试初试合格基本分数线","https://t2.chei.com.cn/news/img/2293362918.jpg","https://yz.chsi.com.cn/kyzx/fsfsx34/202503/20250314/2293362917.html"
"武汉大学","2025","武汉大学2025年硕士招生考试复试基本分数线","https://t1.chei.com.cn/news/img/2293451735.png","https://yz.chsi.com.cn/kyzx/fsfsx34/202503/20250313/2293361213.html"
"武汉大学","2025","武汉大学2025年硕士招生考试复试基本分数线","https://t3.chei.com.cn/news/img/2293451736.png","https://yz.chsi.com.cn/kyzx/fsfsx34/202503/20250313/2293361213.html"
"武汉大学","2025","武汉大学2025年硕士招生考试复试基本分数线","https://t3.chei.com.cn/news/img/2293451737.png","https://yz.chsi.com.cn/kyzx/fsfsx34/202503/20250313/2293361213.html"
"武汉大学","2025","武汉大学2025年硕士招生考试复试基本分数线","https://t3.chei.com.cn/news/img/2293451738.png","https://yz.chsi.com.cn/kyzx/fsfsx34/202503/20250313/2293361213.html"
"华南理工大学","2025","华南理工大学2025年硕士研究生招生考试考生进入复试的初试成绩基本要求","https://t4.chei.com.cn/news/img/2293361201.png","https://yz.chsi.com.cn/kyzx/fsfsx34/202503/20250313/2293361197.html"
"四川大学","2025","四川大学2025年硕士研究生招生考试考生进入复试的初试成绩基本要求","https://t3.chei.com.cn/news/img/2293361177.jpg","https://yz.chsi.com.cn/kyzx/fsfsx34/202503/20250313/2293361176.html"
"四川大学","2025","四川大学2025年硕士研究生招生考试考生进入复试的初试成绩基本要求","https://t1.chei.com.cn/news/img/2293361178.jpg","https://yz.chsi.com.cn/kyzx/fsfsx34/202503/20250313/2293361176.html"
"四川大学","2025","四川大学2025年硕士研究生招生考试考生进入复试的初试成绩基本要求","https://t3.chei.com.cn/news/img/2293361179.jpg","https://yz.chsi.com.cn/kyzx/fsfsx34/202503/20250313/2293361176.html"
"四川大学","2025","四川大学2025年硕士研究生招生考试考生进入复试的初试成绩基本要求","https://t2.chei.com.cn/news/img/2293361180.jpg","https://yz.chsi.com.cn/kyzx/fsfsx34/202503/20250313/2293361176.html"
"中山大学","2025","中山大学2025年硕士研究生招生考试复试基本分数线","https://t1.chei.com.cn/news/img/2293361171.jpg","https://yz.chsi.com.cn/kyzx/fsfsx34/202503/20250313/2293361170.html"
"中山大学","2025","中山大学2025年硕士研究生招生考试复试基本分数线","https://t1.chei.com.cn/news/img/2293361172.jpg","https://yz.chsi.com.cn/kyzx/fsfsx34/202503/20250313/2293361170.html"
"中山大学","2025","中山大学2025年硕士研究生招生考试复试基本分数线","https://t3.chei.com.cn/news/img/2293361173.jpg","https://yz.chsi.com.cn/kyzx/fsfsx34/202503/20250313/2293361170.html"
"大连理工大学","2025","大连理工大学2025年全国硕士研究生招生考试考生进入复试的初试成绩基本要求","https://t3.chei.com.cn/news/img/2293361164.jpg","https://yz.chsi.com.cn/kyzx/fsfsx34/202503/20250313/2293361163.html"
"大连理工大学","2025","大连理工大学2025年全国硕士研究生招生考试考生进入复试的初试成绩基本要求","https://t1.chei.com.cn/news/img/2293361165.jpg","https://yz.chsi.com.cn/kyzx/fsfsx34/202503/20250313/2293361163.html"
"山东大学","2025","山东大学2025年硕士研究生招生考试考生进入复试的初试成绩基本要求","https://t4.chei.com.cn/news/img/2293357953.jpg","https://yz.chsi.com.cn/kyzx/fsfsx34/202503/20250313/2293357952.html"
"山东大学","2025","山东大学2025年硕士研究生招生考试考生进入复试的初试成绩基本要求","https://t1.chei.com.cn/news/img/2293357954.jpg","https://yz.chsi.com.cn/kyzx/fsfsx34/202503/20250313/2293357952.html"
"山东大学","2025","山东大学2025年硕士研究生招生考试考生进入复试的初试成绩基本要求","https://t4.chei.com.cn/news/img/2293357955.jpg","https://yz.chsi.com.cn/kyzx/fsfsx34/202503/20250313/2293357952.html"
"天津大学","2025","天津大学2025年硕士研究生招生考试初试进入复试基本分数要求","https://t1.chei.com.cn/news/img/2293357893.jpg","https://yz.chsi.com.cn/kyzx/fsfsx34/202503/20250313/2293357892.html"
"天津大学","2025","天津大学2025年硕士研究生招生考试初试进入复试基本分数要求","https://t2.chei.com.cn/news/img/2293357894.jpg","https://yz.chsi.com.cn/kyzx/fsfsx34/202503/20250313/2293357892.html"
"天津大学","2025","天津大学2025年硕士研究生招生考试初试进入复试基本分数要求","https://t3.chei.com.cn/news/img/2293357895.jpg","https://yz.chsi.com.cn/kyzx/fsfsx34/202503/20250313/2293357892.html"
"中国农业大学","2025","中国农业大学2025年硕士研究生招生考试复试基本分数线","https://t2.chei.com.cn/news/img/2293357878.jpg","https://yz.chsi.com.cn/kyzx/fsfsx34/202503/20250313/2293357877.html"
"东北大学","2025","东北大学2025年硕士研究生招生考试考生进入复试的初试成绩基本要求","https://t4.chei.com.cn/news/img/2293357885.jpg","https://yz.chsi.com.cn/kyzx/fsfsx34/202503/20250313/2293357871.html"
"东北大学","2025","东北大学2025年硕士研究生招生考试考生进入复试的初试成绩基本要求","https://t3.chei.com.cn/news/img/2293357886.jpg","https://yz.chsi.com.cn/kyzx/fsfsx34/202503/20250313/2293357871.html"
"东北大学","2025","东北大学2025年硕士研究生招生考试考生进入复试的初试成绩基本要求","https://t3.chei.com.cn/news/img/2293357887.jpg","https://yz.chsi.com.cn/kyzx/fsfsx34/202503/20250313/2293357871.html"
"东北大学","2025","东北大学2025年硕士研究生招生考试考生进入复试的初试成绩基本要求","https://t3.chei.com.cn/news/img/2293357888.jpg","https://yz.chsi.com.cn/kyzx/fsfsx34/202503/20250313/2293357871.html"
"东北大学","2025","东北大学2025年硕士研究生招生考试考生进入复试的初试成绩基本要求","https://t1.chei.com.cn/news/img/2293357889.jpg","https://yz.chsi.com.cn/kyzx/fsfsx34/202503/20250313/2293357871.html"
"上海交通大学","2025","上海交通大学2025年硕士研究生招生考试复试基本分数线","https://t3.chei.com.cn/news/img/2293357813.jpg","https://yz.chsi.com.cn/kyzx/fsfsx34/202503/20250313/2293357812.html"
"上海交通大学","2025","上海交通大学2025年硕士研究生招生考试复试基本分数线","https://t4.chei.com.cn/news/img/2293357814.jpg","https://yz.chsi.com.cn/kyzx/fsfsx34/202503/20250313/2293357812.html"
"上海交通大学","2025","上海交通大学2025年硕士研究生招生考试复试基本分数线","https://t3.chei.com.cn/news/img/2293357815.jpg","https://yz.chsi.com.cn/kyzx/fsfsx34/202503/20250313/2293357812.html"
"北京理工大学","2025","北京理工大学2025年硕士研究生招生考试复试基本分数线","https://t1.chei.com.cn/news/img/2293357805.png","https://yz.chsi.com.cn/kyzx/fsfsx34/202503/20250313/2293357804.html"
"复旦大学","2025","复旦大学2025年硕士研究生招生考试考生进入复试的初试成绩基本要求","https://t1.chei.com.cn/news/img/2293357799.jpg","https://yz.chsi.com.cn/kyzx/fsfsx34/202503/20250313/2293357798.html"
"复旦大学","2025","复旦大学2025年硕士研究生招生考试考生进入复试的初试成绩基本要求","https://t2.chei.com.cn/news/img/2293357800.jpg","https://yz.chsi.com.cn/kyzx/fsfsx34/202503/20250313/2293357798.html"
"复旦大学","2025","复旦大学2025年硕士研究生招生考试考生进入复试的初试成绩基本要求","https://t3.chei.com.cn/news/img/2293357801.jpg","https://yz.chsi.com.cn/kyzx/fsfsx34/202503/20250313/2293357798.html"
"复旦大学","2025","复旦大学2025年硕士研究生招生考试考生进入复试的初试成绩基本要求","https://t3.chei.com.cn/news/img/2293357802.jpg","https://yz.chsi.com.cn/kyzx/fsfsx34/202503/20250313/2293357798.html"
"复旦大学","2025","复旦大学2025年硕士研究生招生考试考生进入复试的初试成绩基本要求","https://t2.chei.com.cn/news/img/2293357803.jpg","https://yz.chsi.com.cn/kyzx/fsfsx34/202503/20250313/2293357798.html"
"浙江大学","2025","浙江大学2025年硕士研究生招生考试复试分数线基本要求","https://t4.chei.com.cn/news/img/2293357791.jpg","https://yz.chsi.com.cn/kyzx/fsfsx34/202503/20250313/2293357790.html"
"浙江大学","2025","浙江大学2025年硕士研究生招生考试复试分数线基本要求","https://t4.chei.com.cn/news/img/2293357792.jpg","https://yz.chsi.com.cn/kyzx/fsfsx34/202503/20250313/2293357790.html"
"浙江大学","2025","浙江大学2025年硕士研究生招生考试复试分数线基本要求","https://t2.chei.com.cn/news/img/2293357793.jpg","https://yz.chsi.com.cn/kyzx/fsfsx34/202503/20250313/2293357790.html"
"西安交通大学","2025","西安交通大学2025年硕士研究生招生复试基本分数线","https://t1.chei.com.cn/news/img/2293357774.jpg","https://yz.chsi.com.cn/kyzx/fsfsx34/202503/20250312/2293357773.html"
"西安交通大学","2025","西安交通大学2025年硕士研究生招生复试基本分数线","https://t1.chei.com.cn/news/img/2293357775.jpg","https://yz.chsi.com.cn/kyzx/fsfsx34/202503/20250312/2293357773.html"
"哈尔滨工业大学","2025","哈尔滨工业大学2025年硕士研究生招生考试复试基本线","https://t4.chei.com.cn/news/img/2293357771.png","https://yz.chsi.com.cn/kyzx/fsfsx34/202503/20250312/2293357769.html"
"中国科学技术大学","2025","中国科学技术大学2025年硕士研究生招生考试复试基本分数线","https://t4.chei.com.cn/news/img/2293357759.jpg","https://yz.chsi.com.cn/kyzx/fsfsx34/202503/20250312/2293357758.html"
"中国科学技术大学","2025","中国科学技术大学2025年硕士研究生招生考试复试基本分数线","https://t2.chei.com.cn/news/img/2293357760.jpg","https://yz.chsi.com.cn/kyzx/fsfsx34/202503/20250312/2293357758.html"
"中国科学技术大学","2025","中国科学技术大学2025年硕士研究生招生考试复试基本分数线","https://t3.chei.com.cn/news/img/2293357761.jpg","https://yz.chsi.com.cn/kyzx/fsfsx34/202503/20250312/2293357758.html"
"同济大学","2025","同济大学2025年全国硕士研究生招生考试进入复试的初试成绩基本要求","https://t3.chei.com.cn/news/img/2293356027.jpg","https://yz.chsi.com.cn/kyzx/fsfsx34/202503/20250312/2293356026.html"
"同济大学","2025","同济大学2025年全国硕士研究生招生考试进入复试的初试成绩基本要求","https://t4.chei.com.cn/news/img/2293356028.jpg","https://yz.chsi.com.cn/kyzx/fsfsx34/202503/20250312/2293356026.html"
"同济大学","2025","同济大学2025年全国硕士研究生招生考试进入复试的初试成绩基本要求","https://t2.chei.com.cn/news/img/2293356029.jpg","https://yz.chsi.com.cn/kyzx/fsfsx34/202503/20250312/2293356026.html"
"北京师范大学","2025","北京师范大学2025年硕士研究生招生学校复试基本分数线","https://t4.chei.com.cn/news/img/2293356020.jpg","https://yz.chsi.com.cn/kyzx/fsfsx34/202503/20250312/2293356019.html"
"北京师范大学","2025","北京师范大学2025年硕士研究生招生学校复试基本分数线","https://t1.chei.com.cn/news/img/2293356021.jpg","https://yz.chsi.com.cn/kyzx/fsfsx34/202503/20250312/2293356019.html"
"北京师范大学","2025","北京师范大学2025年硕士研究生招生学校复试基本分数线","https://t2.chei.com.cn/news/img/2293356022.jpg","https://yz.chsi.com.cn/kyzx/fsfsx34/202503/20250312/2293356019.html"
"北京师范大学","2025","北京师范大学2025年硕士研究生招生学校复试基本分数线","https://t3.chei.com.cn/news/img/2293356023.jpg","https://yz.chsi.com.cn/kyzx/fsfsx34/202503/20250312/2293356019.html"
"北京师范大学","2025","北京师范大学2025年硕士研究生招生学校复试基本分数线","https://t2.chei.com.cn/news/img/2293356024.jpg","https://yz.chsi.com.cn/kyzx/fsfsx34/202503/20250312/2293356019.html"
"北京师范大学","2025","北京师范大学2025年硕士研究生招生学校复试基本分数线","https://t2.chei.com.cn/news/img/2293356025.jpg","https://yz.chsi.com.cn/kyzx/fsfsx34/202503/20250312/2293356019.html"
"北京大学","2025","北京大学2025年硕士研究生招生复试基本分数线","https://t4.chei.com.cn/news/img/2293356011.jpg","https://yz.chsi.com.cn/kyzx/fsfsx34/202503/20250312/2293356009.html"
"北京大学","2025","北京大学2025年硕士研究生招生复试基本分数线","https://t1.chei.com.cn/news/img/2293356012.jpg","https://yz.chsi.com.cn/kyzx/fsfsx34/202503/20250312/2293356009.html"
"北京大学","2025","北京大学2025年硕士研究生招生复试基本分数线","https://t4.chei.com.cn/news/img/2293356013.jpg","https://yz.chsi.com.cn/kyzx/fsfsx34/202503/20250312/2293356009.html"
"清华大学","2025","清华大学2025年硕士研究生招生复试基本分数线","https://t3.chei.com.cn/news/img/2293356007.jpg","https://yz.chsi.com.cn/kyzx/fsfsx34/202503/20250312/2293356006.html"
"北京航空航天大学","2025","北京航空航天大学2025年硕士研究生复试资格基本线","https://t1.chei.com.cn/news/img/2293355992.png","https://yz.chsi.com.cn/kyzx/fsfsx34/202503/20250312/2293355991.html"
"吉林大学","2025","2025年吉林大学硕士研究生招生考试考生进入复试的初试成绩基本要求","https://t4.chei.com.cn/news/img/2293357679.jpg","https://yz.chsi.com.cn/kyzx/fsfsx34/202503/20250311/2293357676.html"
"吉林大学","2025","2025年吉林大学硕士研究生招生考试考生进入复试的初试成绩基本要求","https://t4.chei.com.cn/news/img/2293357680.jpg","https://yz.chsi.com.cn/kyzx/fsfsx34/202503/20250311/2293357676.html"
"吉林大学","2025","2025年吉林大学硕士研究生招生考试考生进入复试的初试成绩基本要求","https://t3.chei.com.cn/news/img/2293357681.jpg","https://yz.chsi.com.cn/kyzx/fsfsx34/202503/20250311/2293357676.html"
"吉林大学","2025","2025年吉林大学硕士研究生招生考试考生进入复试的初试成绩基本要求","https://t4.chei.com.cn/news/img/2293357682.jpg","https://yz.chsi.com.cn/kyzx/fsfsx34/202503/20250311/2293357676.html"
